State,FIPS,Region
ALABAMA,1001,Mississippi.Valley
ALABAMA,1003,Mississippi.Valley
ALABAMA,1005,Mississippi.Valley
ALABAMA,1007,Mississippi.Valley
ALABAMA,1009,Mississippi.Valley
ALABAMA,1011,Mississippi.Valley
ALABAMA,1013,Mississippi.Valley
ALABAMA,1015,Mississippi.Valley
ALABAMA,1017,Mississippi.Valley
ALABAMA,1019,Mississippi.Valley
ALABAMA,1021,Mississippi.Valley
ALABAMA,1023,Mississippi.Valley
ALABAMA,1025,Mississippi.Valley
ALABAMA,1027,Mississippi.Valley
ALABAMA,1029,Mississippi.Valley
ALABAMA,1031,Mississippi.Valley
ALABAMA,1033,Mississippi.Valley
ALABAMA,1035,Mississippi.Valley
ALABAMA,1037,Mississippi.Valley
ALABAMA,1039,Mississippi.Valley
ALABAMA,1041,Mississippi.Valley
ALABAMA,1043,Mississippi.Valley
ALABAMA,1045,Mississippi.Valley
ALABAMA,1047,Mississippi.Valley
ALABAMA,1049,Mississippi.Valley
ALABAMA,1051,Mississippi.Valley
ALABAMA,1053,Mississippi.Valley
ALABAMA,1055,Mississippi.Valley
ALABAMA,1057,Mississippi.Valley
ALABAMA,1059,Mississippi.Valley
ALABAMA,1061,Mississippi.Valley
ALABAMA,1063,Mississippi.Valley
ALABAMA,1065,Mississippi.Valley
ALABAMA,1067,Mississippi.Valley
ALABAMA,1069,Mississippi.Valley
ALABAMA,1071,Mississippi.Valley
ALABAMA,1073,Mississippi.Valley
ALABAMA,1075,Mississippi.Valley
ALABAMA,1077,Mississippi.Valley
ALABAMA,1079,Mississippi.Valley
ALABAMA,1081,Mississippi.Valley
ALABAMA,1083,Mississippi.Valley
ALABAMA,1085,Mississippi.Valley
ALABAMA,1087,Mississippi.Valley
ALABAMA,1089,Mississippi.Valley
ALABAMA,1091,Mississippi.Valley
ALABAMA,1093,Mississippi.Valley
ALABAMA,1095,Mississippi.Valley
ALABAMA,1097,Mississippi.Valley
ALABAMA,1099,Mississippi.Valley
ALABAMA,1101,Mississippi.Valley
ALABAMA,1103,Mississippi.Valley
ALABAMA,1105,Mississippi.Valley
ALABAMA,1107,Mississippi.Valley
ALABAMA,1109,Mississippi.Valley
ALABAMA,1111,Mississippi.Valley
ALABAMA,1113,Mississippi.Valley
ALABAMA,1115,Mississippi.Valley
ALABAMA,1117,Mississippi.Valley
ALABAMA,1119,Mississippi.Valley
ALABAMA,1121,Mississippi.Valley
ALABAMA,1123,Mississippi.Valley
ALABAMA,1125,Mississippi.Valley
ALABAMA,1127,Mississippi.Valley
ALABAMA,1129,Mississippi.Valley
ALABAMA,1131,Mississippi.Valley
ALABAMA,1133,Mississippi.Valley
ARIZONA,4001,Southwest
ARIZONA,4003,Southwest
ARIZONA,4005,Southwest
ARIZONA,4007,Southwest
ARIZONA,4009,Southwest
ARIZONA,4011,Southwest
ARIZONA,4012,Southwest
ARIZONA,4013,Southwest
ARIZONA,4015,Southwest
ARIZONA,4017,Southwest
ARIZONA,4019,Southwest
ARIZONA,4021,Southwest
ARIZONA,4023,Southwest
ARIZONA,4025,Southwest
ARIZONA,4027,Southwest
ARKANSAS,5001,Mississippi.Valley
ARKANSAS,5003,Mississippi.Valley
ARKANSAS,5005,Mississippi.Valley
ARKANSAS,5007,Mississippi.Valley
ARKANSAS,5009,Mississippi.Valley
ARKANSAS,5011,Mississippi.Valley
ARKANSAS,5013,Mississippi.Valley
ARKANSAS,5015,Mississippi.Valley
ARKANSAS,5017,Mississippi.Valley
ARKANSAS,5019,Mississippi.Valley
ARKANSAS,5021,Mississippi.Valley
ARKANSAS,5023,Mississippi.Valley
ARKANSAS,5025,Mississippi.Valley
ARKANSAS,5027,Mississippi.Valley
ARKANSAS,5029,Mississippi.Valley
ARKANSAS,5031,Mississippi.Valley
ARKANSAS,5033,Mississippi.Valley
ARKANSAS,5035,Mississippi.Valley
ARKANSAS,5037,Mississippi.Valley
ARKANSAS,5039,Mississippi.Valley
ARKANSAS,5041,Mississippi.Valley
ARKANSAS,5043,Mississippi.Valley
ARKANSAS,5045,Mississippi.Valley
ARKANSAS,5047,Mississippi.Valley
ARKANSAS,5049,Mississippi.Valley
ARKANSAS,5051,Mississippi.Valley
ARKANSAS,5053,Mississippi.Valley
ARKANSAS,5055,Mississippi.Valley
ARKANSAS,5057,Mississippi.Valley
ARKANSAS,5059,Mississippi.Valley
ARKANSAS,5061,Mississippi.Valley
ARKANSAS,5063,Mississippi.Valley
ARKANSAS,5065,Mississippi.Valley
ARKANSAS,5067,Mississippi.Valley
ARKANSAS,5069,Mississippi.Valley
ARKANSAS,5071,Mississippi.Valley
ARKANSAS,5073,Mississippi.Valley
ARKANSAS,5075,Mississippi.Valley
ARKANSAS,5077,Mississippi.Valley
ARKANSAS,5079,Mississippi.Valley
ARKANSAS,5081,Mississippi.Valley
ARKANSAS,5083,Mississippi.Valley
ARKANSAS,5085,Mississippi.Valley
ARKANSAS,5087,Mississippi.Valley
ARKANSAS,5089,Mississippi.Valley
ARKANSAS,5091,Mississippi.Valley
ARKANSAS,5093,Mississippi.Valley
ARKANSAS,5095,Mississippi.Valley
ARKANSAS,5097,Mississippi.Valley
ARKANSAS,5099,Mississippi.Valley
ARKANSAS,5101,Mississippi.Valley
ARKANSAS,5103,Mississippi.Valley
ARKANSAS,5105,Mississippi.Valley
ARKANSAS,5107,Mississippi.Valley
ARKANSAS,5109,Mississippi.Valley
ARKANSAS,5111,Mississippi.Valley
ARKANSAS,5113,Mississippi.Valley
ARKANSAS,5115,Mississippi.Valley
ARKANSAS,5117,Mississippi.Valley
ARKANSAS,5119,Mississippi.Valley
ARKANSAS,5121,Mississippi.Valley
ARKANSAS,5123,Mississippi.Valley
ARKANSAS,5125,Mississippi.Valley
ARKANSAS,5127,Mississippi.Valley
ARKANSAS,5129,Mississippi.Valley
ARKANSAS,5131,Mississippi.Valley
ARKANSAS,5133,Mississippi.Valley
ARKANSAS,5135,Mississippi.Valley
ARKANSAS,5137,Mississippi.Valley
ARKANSAS,5139,Mississippi.Valley
ARKANSAS,5141,Mississippi.Valley
ARKANSAS,5143,Mississippi.Valley
ARKANSAS,5145,Mississippi.Valley
ARKANSAS,5147,Mississippi.Valley
ARKANSAS,5149,Mississippi.Valley
CALIFORNIA,6001,West
CALIFORNIA,6003,West
CALIFORNIA,6005,West
CALIFORNIA,6007,West
CALIFORNIA,6009,West
CALIFORNIA,6011,West
CALIFORNIA,6013,West
CALIFORNIA,6015,West
CALIFORNIA,6017,West
CALIFORNIA,6019,West
CALIFORNIA,6021,West
CALIFORNIA,6023,West
CALIFORNIA,6025,West
CALIFORNIA,6027,West
CALIFORNIA,6029,West
CALIFORNIA,6031,West
CALIFORNIA,6033,West
CALIFORNIA,6035,West
CALIFORNIA,6037,West
CALIFORNIA,6039,West
CALIFORNIA,6041,West
CALIFORNIA,6043,West
CALIFORNIA,6045,West
CALIFORNIA,6047,West
CALIFORNIA,6049,West
CALIFORNIA,6051,West
CALIFORNIA,6053,West
CALIFORNIA,6055,West
CALIFORNIA,6057,West
CALIFORNIA,6059,West
CALIFORNIA,6061,West
CALIFORNIA,6063,West
CALIFORNIA,6065,West
CALIFORNIA,6067,West
CALIFORNIA,6069,West
CALIFORNIA,6071,West
CALIFORNIA,6073,West
CALIFORNIA,6075,West
CALIFORNIA,6077,West
CALIFORNIA,6079,West
CALIFORNIA,6081,West
CALIFORNIA,6083,West
CALIFORNIA,6085,West
CALIFORNIA,6087,West
CALIFORNIA,6089,West
CALIFORNIA,6091,West
CALIFORNIA,6093,West
CALIFORNIA,6095,West
CALIFORNIA,6097,West
CALIFORNIA,6099,West
CALIFORNIA,6101,West
CALIFORNIA,6103,West
CALIFORNIA,6105,West
CALIFORNIA,6107,West
CALIFORNIA,6109,West
CALIFORNIA,6111,West
CALIFORNIA,6113,West
CALIFORNIA,6115,West
COLORADO,8001,Intermountain
COLORADO,8003,Intermountain
COLORADO,8005,Intermountain
COLORADO,8007,Intermountain
COLORADO,8009,Intermountain
COLORADO,8011,Intermountain
COLORADO,8013,Intermountain
COLORADO,8014,Intermountain
COLORADO,8015,Intermountain
COLORADO,8017,Intermountain
COLORADO,8019,Intermountain
COLORADO,8021,Intermountain
COLORADO,8023,Intermountain
COLORADO,8025,Intermountain
COLORADO,8027,Intermountain
COLORADO,8029,Intermountain
COLORADO,8031,Intermountain
COLORADO,8033,Intermountain
COLORADO,8035,Intermountain
COLORADO,8037,Intermountain
COLORADO,8039,Intermountain
COLORADO,8041,Intermountain
COLORADO,8043,Intermountain
COLORADO,8045,Intermountain
COLORADO,8047,Intermountain
COLORADO,8049,Intermountain
COLORADO,8051,Intermountain
COLORADO,8053,Intermountain
COLORADO,8055,Intermountain
COLORADO,8057,Intermountain
COLORADO,8059,Intermountain
COLORADO,8061,Intermountain
COLORADO,8063,Intermountain
COLORADO,8065,Intermountain
COLORADO,8067,Intermountain
COLORADO,8069,Intermountain
COLORADO,8071,Intermountain
COLORADO,8073,Intermountain
COLORADO,8075,Intermountain
COLORADO,8077,Intermountain
COLORADO,8079,Intermountain
COLORADO,8081,Intermountain
COLORADO,8083,Intermountain
COLORADO,8085,Intermountain
COLORADO,8087,Intermountain
COLORADO,8089,Intermountain
COLORADO,8091,Intermountain
COLORADO,8093,Intermountain
COLORADO,8095,Intermountain
COLORADO,8097,Intermountain
COLORADO,8099,Intermountain
COLORADO,8101,Intermountain
COLORADO,8103,Intermountain
COLORADO,8105,Intermountain
COLORADO,8107,Intermountain
COLORADO,8109,Intermountain
COLORADO,8111,Intermountain
COLORADO,8113,Intermountain
COLORADO,8115,Intermountain
COLORADO,8117,Intermountain
COLORADO,8119,Intermountain
COLORADO,8121,Intermountain
COLORADO,8123,Intermountain
COLORADO,8125,Intermountain
CONNECTICUT,9001,New.England
CONNECTICUT,9003,New.England
CONNECTICUT,9005,New.England
CONNECTICUT,9007,New.England
CONNECTICUT,9009,New.England
CONNECTICUT,9011,New.England
CONNECTICUT,9013,New.England
CONNECTICUT,9015,New.England
DC,11001,Mid-Atlantic
DELAWARE,10001,Mid-Atlantic
DELAWARE,10003,Mid-Atlantic
DELAWARE,10005,Mid-Atlantic
FLORIDA,12001,Southeast
FLORIDA,12003,Southeast
FLORIDA,12005,Southeast
FLORIDA,12007,Southeast
FLORIDA,12009,Southeast
FLORIDA,12011,Southeast
FLORIDA,12013,Southeast
FLORIDA,12015,Southeast
FLORIDA,12017,Southeast
FLORIDA,12019,Southeast
FLORIDA,12021,Southeast
FLORIDA,12023,Southeast
FLORIDA,12027,Southeast
FLORIDA,12029,Southeast
FLORIDA,12031,Southeast
FLORIDA,12033,Southeast
FLORIDA,12035,Southeast
FLORIDA,12037,Southeast
FLORIDA,12039,Southeast
FLORIDA,12041,Southeast
FLORIDA,12043,Southeast
FLORIDA,12045,Southeast
FLORIDA,12047,Southeast
FLORIDA,12049,Southeast
FLORIDA,12051,Southeast
FLORIDA,12053,Southeast
FLORIDA,12055,Southeast
FLORIDA,12057,Southeast
FLORIDA,12059,Southeast
FLORIDA,12061,Southeast
FLORIDA,12063,Southeast
FLORIDA,12065,Southeast
FLORIDA,12067,Southeast
FLORIDA,12069,Southeast
FLORIDA,12071,Southeast
FLORIDA,12073,Southeast
FLORIDA,12075,Southeast
FLORIDA,12077,Southeast
FLORIDA,12079,Southeast
FLORIDA,12081,Southeast
FLORIDA,12083,Southeast
FLORIDA,12085,Southeast
FLORIDA,12086,Southeast
FLORIDA,12087,Southeast
FLORIDA,12089,Southeast
FLORIDA,12091,Southeast
FLORIDA,12093,Southeast
FLORIDA,12095,Southeast
FLORIDA,12097,Southeast
FLORIDA,12099,Southeast
FLORIDA,12101,Southeast
FLORIDA,12103,Southeast
FLORIDA,12105,Southeast
FLORIDA,12107,Southeast
FLORIDA,12109,Southeast
FLORIDA,12111,Southeast
FLORIDA,12113,Southeast
FLORIDA,12115,Southeast
FLORIDA,12117,Southeast
FLORIDA,12119,Southeast
FLORIDA,12121,Southeast
FLORIDA,12123,Southeast
FLORIDA,12125,Southeast
FLORIDA,12127,Southeast
FLORIDA,12129,Southeast
FLORIDA,12131,Southeast
FLORIDA,12133,Southeast
GEORGIA,13001,Southeast
GEORGIA,13003,Southeast
GEORGIA,13005,Southeast
GEORGIA,13007,Southeast
GEORGIA,13009,Southeast
GEORGIA,13011,Southeast
GEORGIA,13013,Southeast
GEORGIA,13015,Southeast
GEORGIA,13017,Southeast
GEORGIA,13019,Southeast
GEORGIA,13021,Southeast
GEORGIA,13023,Southeast
GEORGIA,13025,Southeast
GEORGIA,13027,Southeast
GEORGIA,13029,Southeast
GEORGIA,13031,Southeast
GEORGIA,13033,Southeast
GEORGIA,13035,Southeast
GEORGIA,13037,Southeast
GEORGIA,13039,Southeast
GEORGIA,13043,Southeast
GEORGIA,13045,Southeast
GEORGIA,13047,Southeast
GEORGIA,13049,Southeast
GEORGIA,13051,Southeast
GEORGIA,13053,Southeast
GEORGIA,13055,Southeast
GEORGIA,13057,Southeast
GEORGIA,13059,Southeast
GEORGIA,13061,Southeast
GEORGIA,13063,Southeast
GEORGIA,13065,Southeast
GEORGIA,13067,Southeast
GEORGIA,13069,Southeast
GEORGIA,13071,Southeast
GEORGIA,13073,Southeast
GEORGIA,13075,Southeast
GEORGIA,13077,Southeast
GEORGIA,13079,Southeast
GEORGIA,13081,Southeast
GEORGIA,13083,Southeast
GEORGIA,13085,Southeast
GEORGIA,13087,Southeast
GEORGIA,13089,Southeast
GEORGIA,13091,Southeast
GEORGIA,13093,Southeast
GEORGIA,13095,Southeast
GEORGIA,13097,Southeast
GEORGIA,13099,Southeast
GEORGIA,13101,Southeast
GEORGIA,13103,Southeast
GEORGIA,13105,Southeast
GEORGIA,13107,Southeast
GEORGIA,13109,Southeast
GEORGIA,13111,Southeast
GEORGIA,13113,Southeast
GEORGIA,13115,Southeast
GEORGIA,13117,Southeast
GEORGIA,13119,Southeast
GEORGIA,13121,Southeast
GEORGIA,13123,Southeast
GEORGIA,13125,Southeast
GEORGIA,13127,Southeast
GEORGIA,13129,Southeast
GEORGIA,13131,Southeast
GEORGIA,13133,Southeast
GEORGIA,13135,Southeast
GEORGIA,13137,Southeast
GEORGIA,13139,Southeast
GEORGIA,13141,Southeast
GEORGIA,13143,Southeast
GEORGIA,13145,Southeast
GEORGIA,13147,Southeast
GEORGIA,13149,Southeast
GEORGIA,13151,Southeast
GEORGIA,13153,Southeast
GEORGIA,13155,Southeast
GEORGIA,13157,Southeast
GEORGIA,13159,Southeast
GEORGIA,13161,Southeast
GEORGIA,13163,Southeast
GEORGIA,13165,Southeast
GEORGIA,13167,Southeast
GEORGIA,13169,Southeast
GEORGIA,13171,Southeast
GEORGIA,13173,Southeast
GEORGIA,13175,Southeast
GEORGIA,13177,Southeast
GEORGIA,13179,Southeast
GEORGIA,13181,Southeast
GEORGIA,13183,Southeast
GEORGIA,13185,Southeast
GEORGIA,13187,Southeast
GEORGIA,13189,Southeast
GEORGIA,13191,Southeast
GEORGIA,13193,Southeast
GEORGIA,13195,Southeast
GEORGIA,13197,Southeast
GEORGIA,13199,Southeast
GEORGIA,13201,Southeast
GEORGIA,13205,Southeast
GEORGIA,13207,Southeast
GEORGIA,13209,Southeast
GEORGIA,13211,Southeast
GEORGIA,13213,Southeast
GEORGIA,13215,Southeast
GEORGIA,13217,Southeast
GEORGIA,13219,Southeast
GEORGIA,13221,Southeast
GEORGIA,13223,Southeast
GEORGIA,13225,Southeast
GEORGIA,13227,Southeast
GEORGIA,13229,Southeast
GEORGIA,13231,Southeast
GEORGIA,13233,Southeast
GEORGIA,13235,Southeast
GEORGIA,13237,Southeast
GEORGIA,13239,Southeast
GEORGIA,13241,Southeast
GEORGIA,13243,Southeast
GEORGIA,13245,Southeast
GEORGIA,13247,Southeast
GEORGIA,13249,Southeast
GEORGIA,13251,Southeast
GEORGIA,13253,Southeast
GEORGIA,13255,Southeast
GEORGIA,13257,Southeast
GEORGIA,13259,Southeast
GEORGIA,13261,Southeast
GEORGIA,13263,Southeast
GEORGIA,13265,Southeast
GEORGIA,13267,Southeast
GEORGIA,13269,Southeast
GEORGIA,13271,Southeast
GEORGIA,13273,Southeast
GEORGIA,13275,Southeast
GEORGIA,13277,Southeast
GEORGIA,13279,Southeast
GEORGIA,13281,Southeast
GEORGIA,13283,Southeast
GEORGIA,13285,Southeast
GEORGIA,13287,Southeast
GEORGIA,13289,Southeast
GEORGIA,13291,Southeast
GEORGIA,13293,Southeast
GEORGIA,13295,Southeast
GEORGIA,13297,Southeast
GEORGIA,13299,Southeast
GEORGIA,13301,Southeast
GEORGIA,13303,Southeast
GEORGIA,13305,Southeast
GEORGIA,13307,Southeast
GEORGIA,13309,Southeast
GEORGIA,13311,Southeast
GEORGIA,13313,Southeast
GEORGIA,13315,Southeast
GEORGIA,13317,Southeast
GEORGIA,13319,Southeast
GEORGIA,13321,Southeast
IDAHO,16001,Intermountain
IDAHO,16003,Intermountain
IDAHO,16005,Intermountain
IDAHO,16007,Intermountain
IDAHO,16009,Intermountain
IDAHO,16011,Intermountain
IDAHO,16013,Intermountain
IDAHO,16015,Intermountain
IDAHO,16017,Intermountain
IDAHO,16019,Intermountain
IDAHO,16021,Intermountain
IDAHO,16023,Intermountain
IDAHO,16025,Intermountain
IDAHO,16027,Intermountain
IDAHO,16029,Intermountain
IDAHO,16031,Intermountain
IDAHO,16033,Intermountain
IDAHO,16035,Intermountain
IDAHO,16037,Intermountain
IDAHO,16039,Intermountain
IDAHO,16041,Intermountain
IDAHO,16043,Intermountain
IDAHO,16045,Intermountain
IDAHO,16047,Intermountain
IDAHO,16049,Intermountain
IDAHO,16051,Intermountain
IDAHO,16053,Intermountain
IDAHO,16055,Intermountain
IDAHO,16057,Intermountain
IDAHO,16059,Intermountain
IDAHO,16061,Intermountain
IDAHO,16063,Intermountain
IDAHO,16065,Intermountain
IDAHO,16067,Intermountain
IDAHO,16069,Intermountain
IDAHO,16071,Intermountain
IDAHO,16073,Intermountain
IDAHO,16075,Intermountain
IDAHO,16077,Intermountain
IDAHO,16079,Intermountain
IDAHO,16081,Intermountain
IDAHO,16083,Intermountain
IDAHO,16085,Intermountain
IDAHO,16087,Intermountain
ILLINOIS,17001,Upper.Midwest
ILLINOIS,17003,Upper.Midwest
ILLINOIS,17005,Upper.Midwest
ILLINOIS,17007,Upper.Midwest
ILLINOIS,17009,Upper.Midwest
ILLINOIS,17011,Upper.Midwest
ILLINOIS,17013,Upper.Midwest
ILLINOIS,17015,Upper.Midwest
ILLINOIS,17017,Upper.Midwest
ILLINOIS,17019,Upper.Midwest
ILLINOIS,17021,Upper.Midwest
ILLINOIS,17023,Upper.Midwest
ILLINOIS,17025,Upper.Midwest
ILLINOIS,17027,Upper.Midwest
ILLINOIS,17029,Upper.Midwest
ILLINOIS,17031,Upper.Midwest
ILLINOIS,17033,Upper.Midwest
ILLINOIS,17035,Upper.Midwest
ILLINOIS,17037,Upper.Midwest
ILLINOIS,17039,Upper.Midwest
ILLINOIS,17041,Upper.Midwest
ILLINOIS,17043,Upper.Midwest
ILLINOIS,17045,Upper.Midwest
ILLINOIS,17047,Upper.Midwest
ILLINOIS,17049,Upper.Midwest
ILLINOIS,17051,Upper.Midwest
ILLINOIS,17053,Upper.Midwest
ILLINOIS,17055,Upper.Midwest
ILLINOIS,17057,Upper.Midwest
ILLINOIS,17059,Upper.Midwest
ILLINOIS,17061,Upper.Midwest
ILLINOIS,17063,Upper.Midwest
ILLINOIS,17065,Upper.Midwest
ILLINOIS,17067,Upper.Midwest
ILLINOIS,17069,Upper.Midwest
ILLINOIS,17071,Upper.Midwest
ILLINOIS,17073,Upper.Midwest
ILLINOIS,17075,Upper.Midwest
ILLINOIS,17077,Upper.Midwest
ILLINOIS,17079,Upper.Midwest
ILLINOIS,17081,Upper.Midwest
ILLINOIS,17083,Upper.Midwest
ILLINOIS,17085,Upper.Midwest
ILLINOIS,17087,Upper.Midwest
ILLINOIS,17089,Upper.Midwest
ILLINOIS,17091,Upper.Midwest
ILLINOIS,17093,Upper.Midwest
ILLINOIS,17095,Upper.Midwest
ILLINOIS,17097,Upper.Midwest
ILLINOIS,17099,Upper.Midwest
ILLINOIS,17101,Upper.Midwest
ILLINOIS,17103,Upper.Midwest
ILLINOIS,17105,Upper.Midwest
ILLINOIS,17107,Upper.Midwest
ILLINOIS,17109,Upper.Midwest
ILLINOIS,17111,Upper.Midwest
ILLINOIS,17113,Upper.Midwest
ILLINOIS,17115,Upper.Midwest
ILLINOIS,17117,Upper.Midwest
ILLINOIS,17119,Upper.Midwest
ILLINOIS,17121,Upper.Midwest
ILLINOIS,17123,Upper.Midwest
ILLINOIS,17125,Upper.Midwest
ILLINOIS,17127,Upper.Midwest
ILLINOIS,17129,Upper.Midwest
ILLINOIS,17131,Upper.Midwest
ILLINOIS,17133,Upper.Midwest
ILLINOIS,17135,Upper.Midwest
ILLINOIS,17137,Upper.Midwest
ILLINOIS,17139,Upper.Midwest
ILLINOIS,17141,Upper.Midwest
ILLINOIS,17143,Upper.Midwest
ILLINOIS,17145,Upper.Midwest
ILLINOIS,17147,Upper.Midwest
ILLINOIS,17149,Upper.Midwest
ILLINOIS,17151,Upper.Midwest
ILLINOIS,17153,Upper.Midwest
ILLINOIS,17155,Upper.Midwest
ILLINOIS,17157,Upper.Midwest
ILLINOIS,17159,Upper.Midwest
ILLINOIS,17161,Upper.Midwest
ILLINOIS,17163,Upper.Midwest
ILLINOIS,17165,Upper.Midwest
ILLINOIS,17167,Upper.Midwest
ILLINOIS,17169,Upper.Midwest
ILLINOIS,17171,Upper.Midwest
ILLINOIS,17173,Upper.Midwest
ILLINOIS,17175,Upper.Midwest
ILLINOIS,17177,Upper.Midwest
ILLINOIS,17179,Upper.Midwest
ILLINOIS,17181,Upper.Midwest
ILLINOIS,17183,Upper.Midwest
ILLINOIS,17185,Upper.Midwest
ILLINOIS,17187,Upper.Midwest
ILLINOIS,17189,Upper.Midwest
ILLINOIS,17191,Upper.Midwest
ILLINOIS,17193,Upper.Midwest
ILLINOIS,17195,Upper.Midwest
ILLINOIS,17197,Upper.Midwest
ILLINOIS,17199,Upper.Midwest
ILLINOIS,17201,Upper.Midwest
ILLINOIS,17203,Upper.Midwest
INDIANA,18001,Great.Lakes
INDIANA,18003,Great.Lakes
INDIANA,18005,Great.Lakes
INDIANA,18007,Great.Lakes
INDIANA,18009,Great.Lakes
INDIANA,18011,Great.Lakes
INDIANA,18013,Great.Lakes
INDIANA,18015,Great.Lakes
INDIANA,18017,Great.Lakes
INDIANA,18019,Great.Lakes
INDIANA,18021,Great.Lakes
INDIANA,18023,Great.Lakes
INDIANA,18025,Great.Lakes
INDIANA,18027,Great.Lakes
INDIANA,18029,Great.Lakes
INDIANA,18031,Great.Lakes
INDIANA,18033,Great.Lakes
INDIANA,18035,Great.Lakes
INDIANA,18037,Great.Lakes
INDIANA,18039,Great.Lakes
INDIANA,18041,Great.Lakes
INDIANA,18043,Great.Lakes
INDIANA,18045,Great.Lakes
INDIANA,18047,Great.Lakes
INDIANA,18049,Great.Lakes
INDIANA,18051,Great.Lakes
INDIANA,18053,Great.Lakes
INDIANA,18055,Great.Lakes
INDIANA,18057,Great.Lakes
INDIANA,18059,Great.Lakes
INDIANA,18061,Great.Lakes
INDIANA,18063,Great.Lakes
INDIANA,18065,Great.Lakes
INDIANA,18067,Great.Lakes
INDIANA,18069,Great.Lakes
INDIANA,18071,Great.Lakes
INDIANA,18073,Great.Lakes
INDIANA,18075,Great.Lakes
INDIANA,18077,Great.Lakes
INDIANA,18079,Great.Lakes
INDIANA,18081,Great.Lakes
INDIANA,18083,Great.Lakes
INDIANA,18085,Great.Lakes
INDIANA,18087,Great.Lakes
INDIANA,18089,Great.Lakes
INDIANA,18091,Great.Lakes
INDIANA,18093,Great.Lakes
INDIANA,18095,Great.Lakes
INDIANA,18097,Great.Lakes
INDIANA,18099,Great.Lakes
INDIANA,18101,Great.Lakes
INDIANA,18103,Great.Lakes
INDIANA,18105,Great.Lakes
INDIANA,18107,Great.Lakes
INDIANA,18109,Great.Lakes
INDIANA,18111,Great.Lakes
INDIANA,18113,Great.Lakes
INDIANA,18115,Great.Lakes
INDIANA,18117,Great.Lakes
INDIANA,18119,Great.Lakes
INDIANA,18121,Great.Lakes
INDIANA,18123,Great.Lakes
INDIANA,18125,Great.Lakes
INDIANA,18127,Great.Lakes
INDIANA,18129,Great.Lakes
INDIANA,18131,Great.Lakes
INDIANA,18133,Great.Lakes
INDIANA,18135,Great.Lakes
INDIANA,18137,Great.Lakes
INDIANA,18139,Great.Lakes
INDIANA,18141,Great.Lakes
INDIANA,18143,Great.Lakes
INDIANA,18145,Great.Lakes
INDIANA,18147,Great.Lakes
INDIANA,18149,Great.Lakes
INDIANA,18151,Great.Lakes
INDIANA,18153,Great.Lakes
INDIANA,18155,Great.Lakes
INDIANA,18157,Great.Lakes
INDIANA,18159,Great.Lakes
INDIANA,18161,Great.Lakes
INDIANA,18163,Great.Lakes
INDIANA,18165,Great.Lakes
INDIANA,18167,Great.Lakes
INDIANA,18169,Great.Lakes
INDIANA,18171,Great.Lakes
INDIANA,18173,Great.Lakes
INDIANA,18175,Great.Lakes
INDIANA,18177,Great.Lakes
INDIANA,18179,Great.Lakes
INDIANA,18181,Great.Lakes
INDIANA,18183,Great.Lakes
IOWA,19001,Upper.Midwest
IOWA,19003,Upper.Midwest
IOWA,19005,Upper.Midwest
IOWA,19007,Upper.Midwest
IOWA,19009,Upper.Midwest
IOWA,19011,Upper.Midwest
IOWA,19013,Upper.Midwest
IOWA,19015,Upper.Midwest
IOWA,19017,Upper.Midwest
IOWA,19019,Upper.Midwest
IOWA,19021,Upper.Midwest
IOWA,19023,Upper.Midwest
IOWA,19025,Upper.Midwest
IOWA,19027,Upper.Midwest
IOWA,19029,Upper.Midwest
IOWA,19031,Upper.Midwest
IOWA,19033,Upper.Midwest
IOWA,19035,Upper.Midwest
IOWA,19037,Upper.Midwest
IOWA,19039,Upper.Midwest
IOWA,19041,Upper.Midwest
IOWA,19043,Upper.Midwest
IOWA,19045,Upper.Midwest
IOWA,19047,Upper.Midwest
IOWA,19049,Upper.Midwest
IOWA,19051,Upper.Midwest
IOWA,19053,Upper.Midwest
IOWA,19055,Upper.Midwest
IOWA,19057,Upper.Midwest
IOWA,19059,Upper.Midwest
IOWA,19061,Upper.Midwest
IOWA,19063,Upper.Midwest
IOWA,19065,Upper.Midwest
IOWA,19067,Upper.Midwest
IOWA,19069,Upper.Midwest
IOWA,19071,Upper.Midwest
IOWA,19073,Upper.Midwest
IOWA,19075,Upper.Midwest
IOWA,19077,Upper.Midwest
IOWA,19079,Upper.Midwest
IOWA,19081,Upper.Midwest
IOWA,19083,Upper.Midwest
IOWA,19085,Upper.Midwest
IOWA,19087,Upper.Midwest
IOWA,19089,Upper.Midwest
IOWA,19091,Upper.Midwest
IOWA,19093,Upper.Midwest
IOWA,19095,Upper.Midwest
IOWA,19097,Upper.Midwest
IOWA,19099,Upper.Midwest
IOWA,19101,Upper.Midwest
IOWA,19103,Upper.Midwest
IOWA,19105,Upper.Midwest
IOWA,19107,Upper.Midwest
IOWA,19109,Upper.Midwest
IOWA,19111,Upper.Midwest
IOWA,19113,Upper.Midwest
IOWA,19115,Upper.Midwest
IOWA,19117,Upper.Midwest
IOWA,19119,Upper.Midwest
IOWA,19121,Upper.Midwest
IOWA,19123,Upper.Midwest
IOWA,19125,Upper.Midwest
IOWA,19127,Upper.Midwest
IOWA,19129,Upper.Midwest
IOWA,19131,Upper.Midwest
IOWA,19133,Upper.Midwest
IOWA,19135,Upper.Midwest
IOWA,19137,Upper.Midwest
IOWA,19139,Upper.Midwest
IOWA,19141,Upper.Midwest
IOWA,19143,Upper.Midwest
IOWA,19145,Upper.Midwest
IOWA,19147,Upper.Midwest
IOWA,19149,Upper.Midwest
IOWA,19151,Upper.Midwest
IOWA,19153,Upper.Midwest
IOWA,19155,Upper.Midwest
IOWA,19157,Upper.Midwest
IOWA,19159,Upper.Midwest
IOWA,19161,Upper.Midwest
IOWA,19163,Upper.Midwest
IOWA,19165,Upper.Midwest
IOWA,19167,Upper.Midwest
IOWA,19169,Upper.Midwest
IOWA,19171,Upper.Midwest
IOWA,19173,Upper.Midwest
IOWA,19175,Upper.Midwest
IOWA,19177,Upper.Midwest
IOWA,19179,Upper.Midwest
IOWA,19181,Upper.Midwest
IOWA,19183,Upper.Midwest
IOWA,19185,Upper.Midwest
IOWA,19187,Upper.Midwest
IOWA,19189,Upper.Midwest
IOWA,19191,Upper.Midwest
IOWA,19193,Upper.Midwest
IOWA,19195,Upper.Midwest
IOWA,19197,Upper.Midwest
KANSAS,20001,Southwest
KANSAS,20003,Southwest
KANSAS,20005,Southwest
KANSAS,20007,Southwest
KANSAS,20009,Southwest
KANSAS,20011,Southwest
KANSAS,20013,Southwest
KANSAS,20015,Southwest
KANSAS,20017,Southwest
KANSAS,20019,Southwest
KANSAS,20021,Southwest
KANSAS,20023,Southwest
KANSAS,20025,Southwest
KANSAS,20027,Southwest
KANSAS,20029,Southwest
KANSAS,20031,Southwest
KANSAS,20033,Southwest
KANSAS,20035,Southwest
KANSAS,20037,Southwest
KANSAS,20039,Southwest
KANSAS,20041,Southwest
KANSAS,20043,Southwest
KANSAS,20045,Southwest
KANSAS,20047,Southwest
KANSAS,20049,Southwest
KANSAS,20051,Southwest
KANSAS,20053,Southwest
KANSAS,20055,Southwest
KANSAS,20057,Southwest
KANSAS,20059,Southwest
KANSAS,20061,Southwest
KANSAS,20063,Southwest
KANSAS,20065,Southwest
KANSAS,20067,Southwest
KANSAS,20069,Southwest
KANSAS,20071,Southwest
KANSAS,20073,Southwest
KANSAS,20075,Southwest
KANSAS,20077,Southwest
KANSAS,20079,Southwest
KANSAS,20081,Southwest
KANSAS,20083,Southwest
KANSAS,20085,Southwest
KANSAS,20087,Southwest
KANSAS,20089,Southwest
KANSAS,20091,Southwest
KANSAS,20093,Southwest
KANSAS,20095,Southwest
KANSAS,20097,Southwest
KANSAS,20099,Southwest
KANSAS,20101,Southwest
KANSAS,20103,Southwest
KANSAS,20105,Southwest
KANSAS,20107,Southwest
KANSAS,20109,Southwest
KANSAS,20111,Southwest
KANSAS,20113,Southwest
KANSAS,20115,Southwest
KANSAS,20117,Southwest
KANSAS,20119,Southwest
KANSAS,20121,Southwest
KANSAS,20123,Southwest
KANSAS,20125,Southwest
KANSAS,20127,Southwest
KANSAS,20129,Southwest
KANSAS,20131,Southwest
KANSAS,20133,Southwest
KANSAS,20135,Southwest
KANSAS,20137,Southwest
KANSAS,20139,Southwest
KANSAS,20141,Southwest
KANSAS,20143,Southwest
KANSAS,20145,Southwest
KANSAS,20147,Southwest
KANSAS,20149,Southwest
KANSAS,20151,Southwest
KANSAS,20153,Southwest
KANSAS,20155,Southwest
KANSAS,20157,Southwest
KANSAS,20159,Southwest
KANSAS,20161,Southwest
KANSAS,20163,Southwest
KANSAS,20165,Southwest
KANSAS,20167,Southwest
KANSAS,20169,Southwest
KANSAS,20171,Southwest
KANSAS,20173,Southwest
KANSAS,20175,Southwest
KANSAS,20177,Southwest
KANSAS,20179,Southwest
KANSAS,20181,Southwest
KANSAS,20183,Southwest
KANSAS,20185,Southwest
KANSAS,20187,Southwest
KANSAS,20189,Southwest
KANSAS,20191,Southwest
KANSAS,20193,Southwest
KANSAS,20195,Southwest
KANSAS,20197,Southwest
KANSAS,20199,Southwest
KANSAS,20201,Southwest
KANSAS,20203,Southwest
KANSAS,20205,Southwest
KANSAS,20207,Southwest
KANSAS,20209,Southwest
KENTUCKY,21001,Mid-Atlantic
KENTUCKY,21003,Mid-Atlantic
KENTUCKY,21005,Mid-Atlantic
KENTUCKY,21007,Mid-Atlantic
KENTUCKY,21009,Mid-Atlantic
KENTUCKY,21011,Mid-Atlantic
KENTUCKY,21013,Mid-Atlantic
KENTUCKY,21015,Mid-Atlantic
KENTUCKY,21017,Mid-Atlantic
KENTUCKY,21019,Mid-Atlantic
KENTUCKY,21021,Mid-Atlantic
KENTUCKY,21023,Mid-Atlantic
KENTUCKY,21025,Mid-Atlantic
KENTUCKY,21027,Mid-Atlantic
KENTUCKY,21029,Mid-Atlantic
KENTUCKY,21031,Mid-Atlantic
KENTUCKY,21033,Mid-Atlantic
KENTUCKY,21035,Mid-Atlantic
KENTUCKY,21037,Mid-Atlantic
KENTUCKY,21039,Mid-Atlantic
KENTUCKY,21041,Mid-Atlantic
KENTUCKY,21043,Mid-Atlantic
KENTUCKY,21045,Mid-Atlantic
KENTUCKY,21047,Mid-Atlantic
KENTUCKY,21049,Mid-Atlantic
KENTUCKY,21051,Mid-Atlantic
KENTUCKY,21053,Mid-Atlantic
KENTUCKY,21055,Mid-Atlantic
KENTUCKY,21057,Mid-Atlantic
KENTUCKY,21059,Mid-Atlantic
KENTUCKY,21061,Mid-Atlantic
KENTUCKY,21063,Mid-Atlantic
KENTUCKY,21065,Mid-Atlantic
KENTUCKY,21067,Mid-Atlantic
KENTUCKY,21069,Mid-Atlantic
KENTUCKY,21071,Mid-Atlantic
KENTUCKY,21073,Mid-Atlantic
KENTUCKY,21075,Mid-Atlantic
KENTUCKY,21077,Mid-Atlantic
KENTUCKY,21079,Mid-Atlantic
KENTUCKY,21081,Mid-Atlantic
KENTUCKY,21083,Mid-Atlantic
KENTUCKY,21085,Mid-Atlantic
KENTUCKY,21087,Mid-Atlantic
KENTUCKY,21089,Mid-Atlantic
KENTUCKY,21091,Mid-Atlantic
KENTUCKY,21093,Mid-Atlantic
KENTUCKY,21095,Mid-Atlantic
KENTUCKY,21097,Mid-Atlantic
KENTUCKY,21099,Mid-Atlantic
KENTUCKY,21101,Mid-Atlantic
KENTUCKY,21103,Mid-Atlantic
KENTUCKY,21105,Mid-Atlantic
KENTUCKY,21107,Mid-Atlantic
KENTUCKY,21109,Mid-Atlantic
KENTUCKY,21111,Mid-Atlantic
KENTUCKY,21113,Mid-Atlantic
KENTUCKY,21115,Mid-Atlantic
KENTUCKY,21117,Mid-Atlantic
KENTUCKY,21119,Mid-Atlantic
KENTUCKY,21121,Mid-Atlantic
KENTUCKY,21123,Mid-Atlantic
KENTUCKY,21125,Mid-Atlantic
KENTUCKY,21127,Mid-Atlantic
KENTUCKY,21129,Mid-Atlantic
KENTUCKY,21131,Mid-Atlantic
KENTUCKY,21133,Mid-Atlantic
KENTUCKY,21135,Mid-Atlantic
KENTUCKY,21137,Mid-Atlantic
KENTUCKY,21139,Mid-Atlantic
KENTUCKY,21141,Mid-Atlantic
KENTUCKY,21143,Mid-Atlantic
KENTUCKY,21145,Mid-Atlantic
KENTUCKY,21147,Mid-Atlantic
KENTUCKY,21149,Mid-Atlantic
KENTUCKY,21151,Mid-Atlantic
KENTUCKY,21153,Mid-Atlantic
KENTUCKY,21155,Mid-Atlantic
KENTUCKY,21157,Mid-Atlantic
KENTUCKY,21159,Mid-Atlantic
KENTUCKY,21161,Mid-Atlantic
KENTUCKY,21163,Mid-Atlantic
KENTUCKY,21165,Mid-Atlantic
KENTUCKY,21167,Mid-Atlantic
KENTUCKY,21169,Mid-Atlantic
KENTUCKY,21171,Mid-Atlantic
KENTUCKY,21173,Mid-Atlantic
KENTUCKY,21175,Mid-Atlantic
KENTUCKY,21177,Mid-Atlantic
KENTUCKY,21179,Mid-Atlantic
KENTUCKY,21181,Mid-Atlantic
KENTUCKY,21183,Mid-Atlantic
KENTUCKY,21185,Mid-Atlantic
KENTUCKY,21187,Mid-Atlantic
KENTUCKY,21189,Mid-Atlantic
KENTUCKY,21191,Mid-Atlantic
KENTUCKY,21193,Mid-Atlantic
KENTUCKY,21195,Mid-Atlantic
KENTUCKY,21197,Mid-Atlantic
KENTUCKY,21199,Mid-Atlantic
KENTUCKY,21201,Mid-Atlantic
KENTUCKY,21203,Mid-Atlantic
KENTUCKY,21205,Mid-Atlantic
KENTUCKY,21207,Mid-Atlantic
KENTUCKY,21209,Mid-Atlantic
KENTUCKY,21211,Mid-Atlantic
KENTUCKY,21213,Mid-Atlantic
KENTUCKY,21215,Mid-Atlantic
KENTUCKY,21217,Mid-Atlantic
KENTUCKY,21219,Mid-Atlantic
KENTUCKY,21221,Mid-Atlantic
KENTUCKY,21223,Mid-Atlantic
KENTUCKY,21225,Mid-Atlantic
KENTUCKY,21227,Mid-Atlantic
KENTUCKY,21229,Mid-Atlantic
KENTUCKY,21231,Mid-Atlantic
KENTUCKY,21233,Mid-Atlantic
KENTUCKY,21235,Mid-Atlantic
KENTUCKY,21237,Mid-Atlantic
KENTUCKY,21239,Mid-Atlantic
LOUISIANA,22001,Mississippi.Valley
LOUISIANA,22003,Mississippi.Valley
LOUISIANA,22005,Mississippi.Valley
LOUISIANA,22007,Mississippi.Valley
LOUISIANA,22009,Mississippi.Valley
LOUISIANA,22011,Mississippi.Valley
LOUISIANA,22013,Mississippi.Valley
LOUISIANA,22015,Mississippi.Valley
LOUISIANA,22017,Mississippi.Valley
LOUISIANA,22019,Mississippi.Valley
LOUISIANA,22021,Mississippi.Valley
LOUISIANA,22023,Mississippi.Valley
LOUISIANA,22025,Mississippi.Valley
LOUISIANA,22027,Mississippi.Valley
LOUISIANA,22029,Mississippi.Valley
LOUISIANA,22031,Mississippi.Valley
LOUISIANA,22033,Mississippi.Valley
LOUISIANA,22035,Mississippi.Valley
LOUISIANA,22037,Mississippi.Valley
LOUISIANA,22039,Mississippi.Valley
LOUISIANA,22041,Mississippi.Valley
LOUISIANA,22043,Mississippi.Valley
LOUISIANA,22045,Mississippi.Valley
LOUISIANA,22047,Mississippi.Valley
LOUISIANA,22049,Mississippi.Valley
LOUISIANA,22051,Mississippi.Valley
LOUISIANA,22053,Mississippi.Valley
LOUISIANA,22055,Mississippi.Valley
LOUISIANA,22057,Mississippi.Valley
LOUISIANA,22059,Mississippi.Valley
LOUISIANA,22061,Mississippi.Valley
LOUISIANA,22063,Mississippi.Valley
LOUISIANA,22065,Mississippi.Valley
LOUISIANA,22067,Mississippi.Valley
LOUISIANA,22069,Mississippi.Valley
LOUISIANA,22071,Mississippi.Valley
LOUISIANA,22073,Mississippi.Valley
LOUISIANA,22075,Mississippi.Valley
LOUISIANA,22077,Mississippi.Valley
LOUISIANA,22079,Mississippi.Valley
LOUISIANA,22081,Mississippi.Valley
LOUISIANA,22083,Mississippi.Valley
LOUISIANA,22085,Mississippi.Valley
LOUISIANA,22087,Mississippi.Valley
LOUISIANA,22089,Mississippi.Valley
LOUISIANA,22091,Mississippi.Valley
LOUISIANA,22093,Mississippi.Valley
LOUISIANA,22095,Mississippi.Valley
LOUISIANA,22097,Mississippi.Valley
LOUISIANA,22099,Mississippi.Valley
LOUISIANA,22101,Mississippi.Valley
LOUISIANA,22103,Mississippi.Valley
LOUISIANA,22105,Mississippi.Valley
LOUISIANA,22107,Mississippi.Valley
LOUISIANA,22109,Mississippi.Valley
LOUISIANA,22111,Mississippi.Valley
LOUISIANA,22113,Mississippi.Valley
LOUISIANA,22115,Mississippi.Valley
LOUISIANA,22117,Mississippi.Valley
LOUISIANA,22119,Mississippi.Valley
LOUISIANA,22121,Mississippi.Valley
LOUISIANA,22123,Mississippi.Valley
LOUISIANA,22125,Mississippi.Valley
LOUISIANA,22127,Mississippi.Valley
MAINE,23001,New.England
MAINE,23003,New.England
MAINE,23005,New.England
MAINE,23007,New.England
MAINE,23009,New.England
MAINE,23011,New.England
MAINE,23013,New.England
MAINE,23015,New.England
MAINE,23017,New.England
MAINE,23019,New.England
MAINE,23021,New.England
MAINE,23023,New.England
MAINE,23025,New.England
MAINE,23027,New.England
MAINE,23029,New.England
MAINE,23031,New.England
MARYLAND,24001,Mid-Atlantic
MARYLAND,24003,Mid-Atlantic
MARYLAND,24005,Mid-Atlantic
MARYLAND,24009,Mid-Atlantic
MARYLAND,24011,Mid-Atlantic
MARYLAND,24013,Mid-Atlantic
MARYLAND,24015,Mid-Atlantic
MARYLAND,24017,Mid-Atlantic
MARYLAND,24019,Mid-Atlantic
MARYLAND,24021,Mid-Atlantic
MARYLAND,24023,Mid-Atlantic
MARYLAND,24025,Mid-Atlantic
MARYLAND,24027,Mid-Atlantic
MARYLAND,24029,Mid-Atlantic
MARYLAND,24031,Mid-Atlantic
MARYLAND,24033,Mid-Atlantic
MARYLAND,24035,Mid-Atlantic
MARYLAND,24037,Mid-Atlantic
MARYLAND,24039,Mid-Atlantic
MARYLAND,24041,Mid-Atlantic
MARYLAND,24043,Mid-Atlantic
MARYLAND,24045,Mid-Atlantic
MARYLAND,24047,Mid-Atlantic
MARYLAND,24510,Mid-Atlantic
MASSACHUSETTS,25001,New.England
MASSACHUSETTS,25003,New.England
MASSACHUSETTS,25005,New.England
MASSACHUSETTS,25007,New.England
MASSACHUSETTS,25009,New.England
MASSACHUSETTS,25011,New.England
MASSACHUSETTS,25013,New.England
MASSACHUSETTS,25015,New.England
MASSACHUSETTS,25017,New.England
MASSACHUSETTS,25019,New.England
MASSACHUSETTS,25021,New.England
MASSACHUSETTS,25023,New.England
MASSACHUSETTS,25025,New.England
MASSACHUSETTS,25027,New.England
MICHIGAN,26001,Great.Lakes
MICHIGAN,26003,Great.Lakes
MICHIGAN,26005,Great.Lakes
MICHIGAN,26007,Great.Lakes
MICHIGAN,26009,Great.Lakes
MICHIGAN,26011,Great.Lakes
MICHIGAN,26013,Great.Lakes
MICHIGAN,26015,Great.Lakes
MICHIGAN,26017,Great.Lakes
MICHIGAN,26019,Great.Lakes
MICHIGAN,26021,Great.Lakes
MICHIGAN,26023,Great.Lakes
MICHIGAN,26025,Great.Lakes
MICHIGAN,26027,Great.Lakes
MICHIGAN,26029,Great.Lakes
MICHIGAN,26031,Great.Lakes
MICHIGAN,26033,Great.Lakes
MICHIGAN,26035,Great.Lakes
MICHIGAN,26037,Great.Lakes
MICHIGAN,26039,Great.Lakes
MICHIGAN,26041,Great.Lakes
MICHIGAN,26043,Great.Lakes
MICHIGAN,26045,Great.Lakes
MICHIGAN,26047,Great.Lakes
MICHIGAN,26049,Great.Lakes
MICHIGAN,26051,Great.Lakes
MICHIGAN,26053,Great.Lakes
MICHIGAN,26055,Great.Lakes
MICHIGAN,26057,Great.Lakes
MICHIGAN,26059,Great.Lakes
MICHIGAN,26061,Great.Lakes
MICHIGAN,26063,Great.Lakes
MICHIGAN,26065,Great.Lakes
MICHIGAN,26067,Great.Lakes
MICHIGAN,26069,Great.Lakes
MICHIGAN,26071,Great.Lakes
MICHIGAN,26073,Great.Lakes
MICHIGAN,26075,Great.Lakes
MICHIGAN,26077,Great.Lakes
MICHIGAN,26079,Great.Lakes
MICHIGAN,26081,Great.Lakes
MICHIGAN,26083,Great.Lakes
MICHIGAN,26085,Great.Lakes
MICHIGAN,26087,Great.Lakes
MICHIGAN,26089,Great.Lakes
MICHIGAN,26091,Great.Lakes
MICHIGAN,26093,Great.Lakes
MICHIGAN,26095,Great.Lakes
MICHIGAN,26097,Great.Lakes
MICHIGAN,26099,Great.Lakes
MICHIGAN,26101,Great.Lakes
MICHIGAN,26103,Great.Lakes
MICHIGAN,26105,Great.Lakes
MICHIGAN,26107,Great.Lakes
MICHIGAN,26109,Great.Lakes
MICHIGAN,26111,Great.Lakes
MICHIGAN,26113,Great.Lakes
MICHIGAN,26115,Great.Lakes
MICHIGAN,26117,Great.Lakes
MICHIGAN,26119,Great.Lakes
MICHIGAN,26121,Great.Lakes
MICHIGAN,26123,Great.Lakes
MICHIGAN,26125,Great.Lakes
MICHIGAN,26127,Great.Lakes
MICHIGAN,26129,Great.Lakes
MICHIGAN,26131,Great.Lakes
MICHIGAN,26133,Great.Lakes
MICHIGAN,26135,Great.Lakes
MICHIGAN,26137,Great.Lakes
MICHIGAN,26139,Great.Lakes
MICHIGAN,26141,Great.Lakes
MICHIGAN,26143,Great.Lakes
MICHIGAN,26145,Great.Lakes
MICHIGAN,26147,Great.Lakes
MICHIGAN,26149,Great.Lakes
MICHIGAN,26151,Great.Lakes
MICHIGAN,26153,Great.Lakes
MICHIGAN,26155,Great.Lakes
MICHIGAN,26157,Great.Lakes
MICHIGAN,26159,Great.Lakes
MICHIGAN,26161,Great.Lakes
MICHIGAN,26163,Great.Lakes
MICHIGAN,26165,Great.Lakes
MINNESOTA,27001,Upper.Midwest
MINNESOTA,27003,Upper.Midwest
MINNESOTA,27005,Upper.Midwest
MINNESOTA,27007,Upper.Midwest
MINNESOTA,27009,Upper.Midwest
MINNESOTA,27011,Upper.Midwest
MINNESOTA,27013,Upper.Midwest
MINNESOTA,27015,Upper.Midwest
MINNESOTA,27017,Upper.Midwest
MINNESOTA,27019,Upper.Midwest
MINNESOTA,27021,Upper.Midwest
MINNESOTA,27023,Upper.Midwest
MINNESOTA,27025,Upper.Midwest
MINNESOTA,27027,Upper.Midwest
MINNESOTA,27029,Upper.Midwest
MINNESOTA,27031,Upper.Midwest
MINNESOTA,27033,Upper.Midwest
MINNESOTA,27035,Upper.Midwest
MINNESOTA,27037,Upper.Midwest
MINNESOTA,27039,Upper.Midwest
MINNESOTA,27041,Upper.Midwest
MINNESOTA,27043,Upper.Midwest
MINNESOTA,27045,Upper.Midwest
MINNESOTA,27047,Upper.Midwest
MINNESOTA,27049,Upper.Midwest
MINNESOTA,27051,Upper.Midwest
MINNESOTA,27053,Upper.Midwest
MINNESOTA,27055,Upper.Midwest
MINNESOTA,27057,Upper.Midwest
MINNESOTA,27059,Upper.Midwest
MINNESOTA,27061,Upper.Midwest
MINNESOTA,27063,Upper.Midwest
MINNESOTA,27065,Upper.Midwest
MINNESOTA,27067,Upper.Midwest
MINNESOTA,27069,Upper.Midwest
MINNESOTA,27071,Upper.Midwest
MINNESOTA,27073,Upper.Midwest
MINNESOTA,27075,Upper.Midwest
MINNESOTA,27077,Upper.Midwest
MINNESOTA,27079,Upper.Midwest
MINNESOTA,27081,Upper.Midwest
MINNESOTA,27083,Upper.Midwest
MINNESOTA,27085,Upper.Midwest
MINNESOTA,27087,Upper.Midwest
MINNESOTA,27089,Upper.Midwest
MINNESOTA,27091,Upper.Midwest
MINNESOTA,27093,Upper.Midwest
MINNESOTA,27095,Upper.Midwest
MINNESOTA,27097,Upper.Midwest
MINNESOTA,27099,Upper.Midwest
MINNESOTA,27101,Upper.Midwest
MINNESOTA,27103,Upper.Midwest
MINNESOTA,27105,Upper.Midwest
MINNESOTA,27107,Upper.Midwest
MINNESOTA,27109,Upper.Midwest
MINNESOTA,27111,Upper.Midwest
MINNESOTA,27113,Upper.Midwest
MINNESOTA,27115,Upper.Midwest
MINNESOTA,27117,Upper.Midwest
MINNESOTA,27119,Upper.Midwest
MINNESOTA,27121,Upper.Midwest
MINNESOTA,27123,Upper.Midwest
MINNESOTA,27125,Upper.Midwest
MINNESOTA,27127,Upper.Midwest
MINNESOTA,27129,Upper.Midwest
MINNESOTA,27131,Upper.Midwest
MINNESOTA,27133,Upper.Midwest
MINNESOTA,27135,Upper.Midwest
MINNESOTA,27137,Upper.Midwest
MINNESOTA,27139,Upper.Midwest
MINNESOTA,27141,Upper.Midwest
MINNESOTA,27143,Upper.Midwest
MINNESOTA,27145,Upper.Midwest
MINNESOTA,27147,Upper.Midwest
MINNESOTA,27149,Upper.Midwest
MINNESOTA,27151,Upper.Midwest
MINNESOTA,27153,Upper.Midwest
MINNESOTA,27155,Upper.Midwest
MINNESOTA,27157,Upper.Midwest
MINNESOTA,27159,Upper.Midwest
MINNESOTA,27161,Upper.Midwest
MINNESOTA,27163,Upper.Midwest
MINNESOTA,27165,Upper.Midwest
MINNESOTA,27167,Upper.Midwest
MINNESOTA,27169,Upper.Midwest
MINNESOTA,27171,Upper.Midwest
MINNESOTA,27173,Upper.Midwest
MISSISSIPPI,28001,Mississippi.Valley
MISSISSIPPI,28003,Mississippi.Valley
MISSISSIPPI,28005,Mississippi.Valley
MISSISSIPPI,28007,Mississippi.Valley
MISSISSIPPI,28009,Mississippi.Valley
MISSISSIPPI,28011,Mississippi.Valley
MISSISSIPPI,28013,Mississippi.Valley
MISSISSIPPI,28015,Mississippi.Valley
MISSISSIPPI,28017,Mississippi.Valley
MISSISSIPPI,28019,Mississippi.Valley
MISSISSIPPI,28021,Mississippi.Valley
MISSISSIPPI,28023,Mississippi.Valley
MISSISSIPPI,28025,Mississippi.Valley
MISSISSIPPI,28027,Mississippi.Valley
MISSISSIPPI,28029,Mississippi.Valley
MISSISSIPPI,28031,Mississippi.Valley
MISSISSIPPI,28033,Mississippi.Valley
MISSISSIPPI,28035,Mississippi.Valley
MISSISSIPPI,28037,Mississippi.Valley
MISSISSIPPI,28039,Mississippi.Valley
MISSISSIPPI,28041,Mississippi.Valley
MISSISSIPPI,28043,Mississippi.Valley
MISSISSIPPI,28045,Mississippi.Valley
MISSISSIPPI,28047,Mississippi.Valley
MISSISSIPPI,28049,Mississippi.Valley
MISSISSIPPI,28051,Mississippi.Valley
MISSISSIPPI,28053,Mississippi.Valley
MISSISSIPPI,28055,Mississippi.Valley
MISSISSIPPI,28057,Mississippi.Valley
MISSISSIPPI,28059,Mississippi.Valley
MISSISSIPPI,28061,Mississippi.Valley
MISSISSIPPI,28063,Mississippi.Valley
MISSISSIPPI,28065,Mississippi.Valley
MISSISSIPPI,28067,Mississippi.Valley
MISSISSIPPI,28069,Mississippi.Valley
MISSISSIPPI,28071,Mississippi.Valley
MISSISSIPPI,28073,Mississippi.Valley
MISSISSIPPI,28075,Mississippi.Valley
MISSISSIPPI,28077,Mississippi.Valley
MISSISSIPPI,28079,Mississippi.Valley
MISSISSIPPI,28081,Mississippi.Valley
MISSISSIPPI,28083,Mississippi.Valley
MISSISSIPPI,28085,Mississippi.Valley
MISSISSIPPI,28087,Mississippi.Valley
MISSISSIPPI,28089,Mississippi.Valley
MISSISSIPPI,28091,Mississippi.Valley
MISSISSIPPI,28093,Mississippi.Valley
MISSISSIPPI,28095,Mississippi.Valley
MISSISSIPPI,28097,Mississippi.Valley
MISSISSIPPI,28099,Mississippi.Valley
MISSISSIPPI,28101,Mississippi.Valley
MISSISSIPPI,28103,Mississippi.Valley
MISSISSIPPI,28105,Mississippi.Valley
MISSISSIPPI,28107,Mississippi.Valley
MISSISSIPPI,28109,Mississippi.Valley
MISSISSIPPI,28111,Mississippi.Valley
MISSISSIPPI,28113,Mississippi.Valley
MISSISSIPPI,28115,Mississippi.Valley
MISSISSIPPI,28117,Mississippi.Valley
MISSISSIPPI,28119,Mississippi.Valley
MISSISSIPPI,28121,Mississippi.Valley
MISSISSIPPI,28123,Mississippi.Valley
MISSISSIPPI,28125,Mississippi.Valley
MISSISSIPPI,28127,Mississippi.Valley
MISSISSIPPI,28129,Mississippi.Valley
MISSISSIPPI,28131,Mississippi.Valley
MISSISSIPPI,28133,Mississippi.Valley
MISSISSIPPI,28135,Mississippi.Valley
MISSISSIPPI,28137,Mississippi.Valley
MISSISSIPPI,28139,Mississippi.Valley
MISSISSIPPI,28141,Mississippi.Valley
MISSISSIPPI,28143,Mississippi.Valley
MISSISSIPPI,28145,Mississippi.Valley
MISSISSIPPI,28147,Mississippi.Valley
MISSISSIPPI,28149,Mississippi.Valley
MISSISSIPPI,28151,Mississippi.Valley
MISSISSIPPI,28153,Mississippi.Valley
MISSISSIPPI,28155,Mississippi.Valley
MISSISSIPPI,28157,Mississippi.Valley
MISSISSIPPI,28159,Mississippi.Valley
MISSISSIPPI,28161,Mississippi.Valley
MISSISSIPPI,28163,Mississippi.Valley
MISSOURI,29001,Mississippi.Valley
MISSOURI,29003,Mississippi.Valley
MISSOURI,29005,Mississippi.Valley
MISSOURI,29007,Mississippi.Valley
MISSOURI,29009,Mississippi.Valley
MISSOURI,29011,Mississippi.Valley
MISSOURI,29013,Mississippi.Valley
MISSOURI,29015,Mississippi.Valley
MISSOURI,29017,Mississippi.Valley
MISSOURI,29019,Mississippi.Valley
MISSOURI,29021,Mississippi.Valley
MISSOURI,29023,Mississippi.Valley
MISSOURI,29025,Mississippi.Valley
MISSOURI,29027,Mississippi.Valley
MISSOURI,29029,Mississippi.Valley
MISSOURI,29031,Mississippi.Valley
MISSOURI,29033,Mississippi.Valley
MISSOURI,29035,Mississippi.Valley
MISSOURI,29037,Mississippi.Valley
MISSOURI,29039,Mississippi.Valley
MISSOURI,29041,Mississippi.Valley
MISSOURI,29043,Mississippi.Valley
MISSOURI,29045,Mississippi.Valley
MISSOURI,29047,Mississippi.Valley
MISSOURI,29049,Mississippi.Valley
MISSOURI,29051,Mississippi.Valley
MISSOURI,29053,Mississippi.Valley
MISSOURI,29055,Mississippi.Valley
MISSOURI,29057,Mississippi.Valley
MISSOURI,29059,Mississippi.Valley
MISSOURI,29061,Mississippi.Valley
MISSOURI,29063,Mississippi.Valley
MISSOURI,29065,Mississippi.Valley
MISSOURI,29067,Mississippi.Valley
MISSOURI,29069,Mississippi.Valley
MISSOURI,29071,Mississippi.Valley
MISSOURI,29073,Mississippi.Valley
MISSOURI,29075,Mississippi.Valley
MISSOURI,29077,Mississippi.Valley
MISSOURI,29079,Mississippi.Valley
MISSOURI,29081,Mississippi.Valley
MISSOURI,29083,Mississippi.Valley
MISSOURI,29085,Mississippi.Valley
MISSOURI,29087,Mississippi.Valley
MISSOURI,29089,Mississippi.Valley
MISSOURI,29091,Mississippi.Valley
MISSOURI,29093,Mississippi.Valley
MISSOURI,29095,Mississippi.Valley
MISSOURI,29097,Mississippi.Valley
MISSOURI,29099,Mississippi.Valley
MISSOURI,29101,Mississippi.Valley
MISSOURI,29103,Mississippi.Valley
MISSOURI,29105,Mississippi.Valley
MISSOURI,29107,Mississippi.Valley
MISSOURI,29109,Mississippi.Valley
MISSOURI,29111,Mississippi.Valley
MISSOURI,29113,Mississippi.Valley
MISSOURI,29115,Mississippi.Valley
MISSOURI,29117,Mississippi.Valley
MISSOURI,29119,Mississippi.Valley
MISSOURI,29121,Mississippi.Valley
MISSOURI,29123,Mississippi.Valley
MISSOURI,29125,Mississippi.Valley
MISSOURI,29127,Mississippi.Valley
MISSOURI,29129,Mississippi.Valley
MISSOURI,29131,Mississippi.Valley
MISSOURI,29133,Mississippi.Valley
MISSOURI,29135,Mississippi.Valley
MISSOURI,29137,Mississippi.Valley
MISSOURI,29139,Mississippi.Valley
MISSOURI,29141,Mississippi.Valley
MISSOURI,29143,Mississippi.Valley
MISSOURI,29145,Mississippi.Valley
MISSOURI,29147,Mississippi.Valley
MISSOURI,29149,Mississippi.Valley
MISSOURI,29151,Mississippi.Valley
MISSOURI,29153,Mississippi.Valley
MISSOURI,29155,Mississippi.Valley
MISSOURI,29157,Mississippi.Valley
MISSOURI,29159,Mississippi.Valley
MISSOURI,29161,Mississippi.Valley
MISSOURI,29163,Mississippi.Valley
MISSOURI,29165,Mississippi.Valley
MISSOURI,29167,Mississippi.Valley
MISSOURI,29169,Mississippi.Valley
MISSOURI,29171,Mississippi.Valley
MISSOURI,29173,Mississippi.Valley
MISSOURI,29175,Mississippi.Valley
MISSOURI,29177,Mississippi.Valley
MISSOURI,29179,Mississippi.Valley
MISSOURI,29181,Mississippi.Valley
MISSOURI,29183,Mississippi.Valley
MISSOURI,29185,Mississippi.Valley
MISSOURI,29186,Mississippi.Valley
MISSOURI,29187,Mississippi.Valley
MISSOURI,29189,Mississippi.Valley
MISSOURI,29195,Mississippi.Valley
MISSOURI,29197,Mississippi.Valley
MISSOURI,29199,Mississippi.Valley
MISSOURI,29201,Mississippi.Valley
MISSOURI,29203,Mississippi.Valley
MISSOURI,29205,Mississippi.Valley
MISSOURI,29207,Mississippi.Valley
MISSOURI,29209,Mississippi.Valley
MISSOURI,29211,Mississippi.Valley
MISSOURI,29213,Mississippi.Valley
MISSOURI,29215,Mississippi.Valley
MISSOURI,29217,Mississippi.Valley
MISSOURI,29219,Mississippi.Valley
MISSOURI,29221,Mississippi.Valley
MISSOURI,29223,Mississippi.Valley
MISSOURI,29225,Mississippi.Valley
MISSOURI,29227,Mississippi.Valley
MISSOURI,29229,Mississippi.Valley
MISSOURI,29510,Mississippi.Valley
MONTANA,30001,Intermountain
MONTANA,30003,Intermountain
MONTANA,30005,Intermountain
MONTANA,30007,Intermountain
MONTANA,30009,Intermountain
MONTANA,30011,Intermountain
MONTANA,30013,Intermountain
MONTANA,30015,Intermountain
MONTANA,30017,Intermountain
MONTANA,30019,Intermountain
MONTANA,30021,Intermountain
MONTANA,30023,Intermountain
MONTANA,30025,Intermountain
MONTANA,30027,Intermountain
MONTANA,30029,Intermountain
MONTANA,30031,Intermountain
MONTANA,30033,Intermountain
MONTANA,30035,Intermountain
MONTANA,30037,Intermountain
MONTANA,30039,Intermountain
MONTANA,30041,Intermountain
MONTANA,30043,Intermountain
MONTANA,30045,Intermountain
MONTANA,30047,Intermountain
MONTANA,30049,Intermountain
MONTANA,30051,Intermountain
MONTANA,30053,Intermountain
MONTANA,30055,Intermountain
MONTANA,30057,Intermountain
MONTANA,30059,Intermountain
MONTANA,30061,Intermountain
MONTANA,30063,Intermountain
MONTANA,30065,Intermountain
MONTANA,30067,Intermountain
MONTANA,30069,Intermountain
MONTANA,30071,Intermountain
MONTANA,30073,Intermountain
MONTANA,30075,Intermountain
MONTANA,30077,Intermountain
MONTANA,30079,Intermountain
MONTANA,30081,Intermountain
MONTANA,30083,Intermountain
MONTANA,30085,Intermountain
MONTANA,30087,Intermountain
MONTANA,30089,Intermountain
MONTANA,30091,Intermountain
MONTANA,30093,Intermountain
MONTANA,30095,Intermountain
MONTANA,30097,Intermountain
MONTANA,30099,Intermountain
MONTANA,30101,Intermountain
MONTANA,30103,Intermountain
MONTANA,30105,Intermountain
MONTANA,30107,Intermountain
MONTANA,30109,Intermountain
MONTANA,30111,Intermountain
NEBRASKA,31001,Northern.Plains
NEBRASKA,31003,Northern.Plains
NEBRASKA,31005,Northern.Plains
NEBRASKA,31007,Northern.Plains
NEBRASKA,31009,Northern.Plains
NEBRASKA,31011,Northern.Plains
NEBRASKA,31013,Northern.Plains
NEBRASKA,31015,Northern.Plains
NEBRASKA,31017,Northern.Plains
NEBRASKA,31019,Northern.Plains
NEBRASKA,31021,Northern.Plains
NEBRASKA,31023,Northern.Plains
NEBRASKA,31025,Northern.Plains
NEBRASKA,31027,Northern.Plains
NEBRASKA,31029,Northern.Plains
NEBRASKA,31031,Northern.Plains
NEBRASKA,31033,Northern.Plains
NEBRASKA,31035,Northern.Plains
NEBRASKA,31037,Northern.Plains
NEBRASKA,31039,Northern.Plains
NEBRASKA,31041,Northern.Plains
NEBRASKA,31043,Northern.Plains
NEBRASKA,31045,Northern.Plains
NEBRASKA,31047,Northern.Plains
NEBRASKA,31049,Northern.Plains
NEBRASKA,31051,Northern.Plains
NEBRASKA,31053,Northern.Plains
NEBRASKA,31055,Northern.Plains
NEBRASKA,31057,Northern.Plains
NEBRASKA,31059,Northern.Plains
NEBRASKA,31061,Northern.Plains
NEBRASKA,31063,Northern.Plains
NEBRASKA,31065,Northern.Plains
NEBRASKA,31067,Northern.Plains
NEBRASKA,31069,Northern.Plains
NEBRASKA,31071,Northern.Plains
NEBRASKA,31073,Northern.Plains
NEBRASKA,31075,Northern.Plains
NEBRASKA,31077,Northern.Plains
NEBRASKA,31079,Northern.Plains
NEBRASKA,31081,Northern.Plains
NEBRASKA,31083,Northern.Plains
NEBRASKA,31085,Northern.Plains
NEBRASKA,31087,Northern.Plains
NEBRASKA,31089,Northern.Plains
NEBRASKA,31091,Northern.Plains
NEBRASKA,31093,Northern.Plains
NEBRASKA,31095,Northern.Plains
NEBRASKA,31097,Northern.Plains
NEBRASKA,31099,Northern.Plains
NEBRASKA,31101,Northern.Plains
NEBRASKA,31103,Northern.Plains
NEBRASKA,31105,Northern.Plains
NEBRASKA,31107,Northern.Plains
NEBRASKA,31109,Northern.Plains
NEBRASKA,31111,Northern.Plains
NEBRASKA,31113,Northern.Plains
NEBRASKA,31115,Northern.Plains
NEBRASKA,31117,Northern.Plains
NEBRASKA,31119,Northern.Plains
NEBRASKA,31121,Northern.Plains
NEBRASKA,31123,Northern.Plains
NEBRASKA,31125,Northern.Plains
NEBRASKA,31127,Northern.Plains
NEBRASKA,31129,Northern.Plains
NEBRASKA,31131,Northern.Plains
NEBRASKA,31133,Northern.Plains
NEBRASKA,31135,Northern.Plains
NEBRASKA,31137,Northern.Plains
NEBRASKA,31139,Northern.Plains
NEBRASKA,31141,Northern.Plains
NEBRASKA,31143,Northern.Plains
NEBRASKA,31145,Northern.Plains
NEBRASKA,31147,Northern.Plains
NEBRASKA,31149,Northern.Plains
NEBRASKA,31151,Northern.Plains
NEBRASKA,31153,Northern.Plains
NEBRASKA,31155,Northern.Plains
NEBRASKA,31157,Northern.Plains
NEBRASKA,31159,Northern.Plains
NEBRASKA,31161,Northern.Plains
NEBRASKA,31163,Northern.Plains
NEBRASKA,31165,Northern.Plains
NEBRASKA,31167,Northern.Plains
NEBRASKA,31169,Northern.Plains
NEBRASKA,31171,Northern.Plains
NEBRASKA,31173,Northern.Plains
NEBRASKA,31175,Northern.Plains
NEBRASKA,31177,Northern.Plains
NEBRASKA,31179,Northern.Plains
NEBRASKA,31181,Northern.Plains
NEBRASKA,31183,Northern.Plains
NEBRASKA,31185,Northern.Plains
NEVADA,32001,West
NEVADA,32003,West
NEVADA,32005,West
NEVADA,32007,West
NEVADA,32009,West
NEVADA,32011,West
NEVADA,32013,West
NEVADA,32015,West
NEVADA,32017,West
NEVADA,32019,West
NEVADA,32021,West
NEVADA,32023,West
NEVADA,32027,West
NEVADA,32029,West
NEVADA,32031,West
NEVADA,32033,West
NEVADA,32510,West
NEW HAMPSHIRE,33001,New.England
NEW HAMPSHIRE,33003,New.England
NEW HAMPSHIRE,33005,New.England
NEW HAMPSHIRE,33007,New.England
NEW HAMPSHIRE,33009,New.England
NEW HAMPSHIRE,33011,New.England
NEW HAMPSHIRE,33013,New.England
NEW HAMPSHIRE,33015,New.England
NEW HAMPSHIRE,33017,New.England
NEW HAMPSHIRE,33019,New.England
NEW JERSEY,34001,Northeast
NEW JERSEY,34003,Northeast
NEW JERSEY,34005,Northeast
NEW JERSEY,34007,Northeast
NEW JERSEY,34009,Northeast
NEW JERSEY,34011,Northeast
NEW JERSEY,34013,Northeast
NEW JERSEY,34015,Northeast
NEW JERSEY,34017,Northeast
NEW JERSEY,34019,Northeast
NEW JERSEY,34021,Northeast
NEW JERSEY,34023,Northeast
NEW JERSEY,34025,Northeast
NEW JERSEY,34027,Northeast
NEW JERSEY,34029,Northeast
NEW JERSEY,34031,Northeast
NEW JERSEY,34033,Northeast
NEW JERSEY,34035,Northeast
NEW JERSEY,34037,Northeast
NEW JERSEY,34039,Northeast
NEW JERSEY,34041,Northeast
NEW MEXICO,35001,Southwest
NEW MEXICO,35003,Southwest
NEW MEXICO,35005,Southwest
NEW MEXICO,35006,Southwest
NEW MEXICO,35007,Southwest
NEW MEXICO,35009,Southwest
NEW MEXICO,35011,Southwest
NEW MEXICO,35013,Southwest
NEW MEXICO,35015,Southwest
NEW MEXICO,35017,Southwest
NEW MEXICO,35019,Southwest
NEW MEXICO,35021,Southwest
NEW MEXICO,35023,Southwest
NEW MEXICO,35025,Southwest
NEW MEXICO,35027,Southwest
NEW MEXICO,35028,Southwest
NEW MEXICO,35029,Southwest
NEW MEXICO,35031,Southwest
NEW MEXICO,35033,Southwest
NEW MEXICO,35035,Southwest
NEW MEXICO,35037,Southwest
NEW MEXICO,35039,Southwest
NEW MEXICO,35041,Southwest
NEW MEXICO,35043,Southwest
NEW MEXICO,35045,Southwest
NEW MEXICO,35047,Southwest
NEW MEXICO,35049,Southwest
NEW MEXICO,35051,Southwest
NEW MEXICO,35053,Southwest
NEW MEXICO,35055,Southwest
NEW MEXICO,35057,Southwest
NEW MEXICO,35059,Southwest
NEW MEXICO,35061,Southwest
NEW YORK,36001,Northeast
NEW YORK,36003,Northeast
NEW YORK,36005,Northeast
NEW YORK,36007,Northeast
NEW YORK,36009,Northeast
NEW YORK,36011,Northeast
NEW YORK,36013,Northeast
NEW YORK,36015,Northeast
NEW YORK,36017,Northeast
NEW YORK,36019,Northeast
NEW YORK,36021,Northeast
NEW YORK,36023,Northeast
NEW YORK,36025,Northeast
NEW YORK,36027,Northeast
NEW YORK,36029,Northeast
NEW YORK,36031,Northeast
NEW YORK,36033,Northeast
NEW YORK,36035,Northeast
NEW YORK,36037,Northeast
NEW YORK,36039,Northeast
NEW YORK,36041,Northeast
NEW YORK,36043,Northeast
NEW YORK,36045,Northeast
NEW YORK,36047,Northeast
NEW YORK,36049,Northeast
NEW YORK,36051,Northeast
NEW YORK,36053,Northeast
NEW YORK,36055,Northeast
NEW YORK,36057,Northeast
NEW YORK,36059,Northeast
NEW YORK,36061,Northeast
NEW YORK,36063,Northeast
NEW YORK,36065,Northeast
NEW YORK,36067,Northeast
NEW YORK,36069,Northeast
NEW YORK,36071,Northeast
NEW YORK,36073,Northeast
NEW YORK,36075,Northeast
NEW YORK,36077,Northeast
NEW YORK,36079,Northeast
NEW YORK,36081,Northeast
NEW YORK,36083,Northeast
NEW YORK,36085,Northeast
NEW YORK,36087,Northeast
NEW YORK,36089,Northeast
NEW YORK,36091,Northeast
NEW YORK,36093,Northeast
NEW YORK,36095,Northeast
NEW YORK,36097,Northeast
NEW YORK,36099,Northeast
NEW YORK,36101,Northeast
NEW YORK,36103,Northeast
NEW YORK,36105,Northeast
NEW YORK,36107,Northeast
NEW YORK,36109,Northeast
NEW YORK,36111,Northeast
NEW YORK,36113,Northeast
NEW YORK,36115,Northeast
NEW YORK,36117,Northeast
NEW YORK,36119,Northeast
NEW YORK,36121,Northeast
NEW YORK,36123,Northeast
NORTH CAROLINA,37001,Mid-Atlantic
NORTH CAROLINA,37003,Mid-Atlantic
NORTH CAROLINA,37005,Mid-Atlantic
NORTH CAROLINA,37007,Mid-Atlantic
NORTH CAROLINA,37009,Mid-Atlantic
NORTH CAROLINA,37011,Mid-Atlantic
NORTH CAROLINA,37013,Mid-Atlantic
NORTH CAROLINA,37015,Mid-Atlantic
NORTH CAROLINA,37017,Mid-Atlantic
NORTH CAROLINA,37019,Mid-Atlantic
NORTH CAROLINA,37021,Mid-Atlantic
NORTH CAROLINA,37023,Mid-Atlantic
NORTH CAROLINA,37025,Mid-Atlantic
NORTH CAROLINA,37027,Mid-Atlantic
NORTH CAROLINA,37029,Mid-Atlantic
NORTH CAROLINA,37031,Mid-Atlantic
NORTH CAROLINA,37033,Mid-Atlantic
NORTH CAROLINA,37035,Mid-Atlantic
NORTH CAROLINA,37037,Mid-Atlantic
NORTH CAROLINA,37039,Mid-Atlantic
NORTH CAROLINA,37041,Mid-Atlantic
NORTH CAROLINA,37043,Mid-Atlantic
NORTH CAROLINA,37045,Mid-Atlantic
NORTH CAROLINA,37047,Mid-Atlantic
NORTH CAROLINA,37049,Mid-Atlantic
NORTH CAROLINA,37051,Mid-Atlantic
NORTH CAROLINA,37053,Mid-Atlantic
NORTH CAROLINA,37055,Mid-Atlantic
NORTH CAROLINA,37057,Mid-Atlantic
NORTH CAROLINA,37059,Mid-Atlantic
NORTH CAROLINA,37061,Mid-Atlantic
NORTH CAROLINA,37063,Mid-Atlantic
NORTH CAROLINA,37065,Mid-Atlantic
NORTH CAROLINA,37067,Mid-Atlantic
NORTH CAROLINA,37069,Mid-Atlantic
NORTH CAROLINA,37071,Mid-Atlantic
NORTH CAROLINA,37073,Mid-Atlantic
NORTH CAROLINA,37075,Mid-Atlantic
NORTH CAROLINA,37077,Mid-Atlantic
NORTH CAROLINA,37079,Mid-Atlantic
NORTH CAROLINA,37081,Mid-Atlantic
NORTH CAROLINA,37083,Mid-Atlantic
NORTH CAROLINA,37085,Mid-Atlantic
NORTH CAROLINA,37087,Mid-Atlantic
NORTH CAROLINA,37089,Mid-Atlantic
NORTH CAROLINA,37091,Mid-Atlantic
NORTH CAROLINA,37093,Mid-Atlantic
NORTH CAROLINA,37095,Mid-Atlantic
NORTH CAROLINA,37097,Mid-Atlantic
NORTH CAROLINA,37099,Mid-Atlantic
NORTH CAROLINA,37101,Mid-Atlantic
NORTH CAROLINA,37103,Mid-Atlantic
NORTH CAROLINA,37105,Mid-Atlantic
NORTH CAROLINA,37107,Mid-Atlantic
NORTH CAROLINA,37109,Mid-Atlantic
NORTH CAROLINA,37111,Mid-Atlantic
NORTH CAROLINA,37113,Mid-Atlantic
NORTH CAROLINA,37115,Mid-Atlantic
NORTH CAROLINA,37117,Mid-Atlantic
NORTH CAROLINA,37119,Mid-Atlantic
NORTH CAROLINA,37121,Mid-Atlantic
NORTH CAROLINA,37123,Mid-Atlantic
NORTH CAROLINA,37125,Mid-Atlantic
NORTH CAROLINA,37127,Mid-Atlantic
NORTH CAROLINA,37129,Mid-Atlantic
NORTH CAROLINA,37131,Mid-Atlantic
NORTH CAROLINA,37133,Mid-Atlantic
NORTH CAROLINA,37135,Mid-Atlantic
NORTH CAROLINA,37137,Mid-Atlantic
NORTH CAROLINA,37139,Mid-Atlantic
NORTH CAROLINA,37141,Mid-Atlantic
NORTH CAROLINA,37143,Mid-Atlantic
NORTH CAROLINA,37145,Mid-Atlantic
NORTH CAROLINA,37147,Mid-Atlantic
NORTH CAROLINA,37149,Mid-Atlantic
NORTH CAROLINA,37151,Mid-Atlantic
NORTH CAROLINA,37153,Mid-Atlantic
NORTH CAROLINA,37155,Mid-Atlantic
NORTH CAROLINA,37157,Mid-Atlantic
NORTH CAROLINA,37159,Mid-Atlantic
NORTH CAROLINA,37161,Mid-Atlantic
NORTH CAROLINA,37163,Mid-Atlantic
NORTH CAROLINA,37165,Mid-Atlantic
NORTH CAROLINA,37167,Mid-Atlantic
NORTH CAROLINA,37169,Mid-Atlantic
NORTH CAROLINA,37171,Mid-Atlantic
NORTH CAROLINA,37173,Mid-Atlantic
NORTH CAROLINA,37175,Mid-Atlantic
NORTH CAROLINA,37177,Mid-Atlantic
NORTH CAROLINA,37179,Mid-Atlantic
NORTH CAROLINA,37181,Mid-Atlantic
NORTH CAROLINA,37183,Mid-Atlantic
NORTH CAROLINA,37185,Mid-Atlantic
NORTH CAROLINA,37187,Mid-Atlantic
NORTH CAROLINA,37189,Mid-Atlantic
NORTH CAROLINA,37191,Mid-Atlantic
NORTH CAROLINA,37193,Mid-Atlantic
NORTH CAROLINA,37195,Mid-Atlantic
NORTH CAROLINA,37197,Mid-Atlantic
NORTH CAROLINA,37199,Mid-Atlantic
NORTH DAKOTA,38001,Northern.Plains
NORTH DAKOTA,38003,Northern.Plains
NORTH DAKOTA,38005,Northern.Plains
NORTH DAKOTA,38007,Northern.Plains
NORTH DAKOTA,38009,Northern.Plains
NORTH DAKOTA,38011,Northern.Plains
NORTH DAKOTA,38013,Northern.Plains
NORTH DAKOTA,38015,Northern.Plains
NORTH DAKOTA,38017,Northern.Plains
NORTH DAKOTA,38019,Northern.Plains
NORTH DAKOTA,38021,Northern.Plains
NORTH DAKOTA,38023,Northern.Plains
NORTH DAKOTA,38025,Northern.Plains
NORTH DAKOTA,38027,Northern.Plains
NORTH DAKOTA,38029,Northern.Plains
NORTH DAKOTA,38031,Northern.Plains
NORTH DAKOTA,38033,Northern.Plains
NORTH DAKOTA,38035,Northern.Plains
NORTH DAKOTA,38037,Northern.Plains
NORTH DAKOTA,38039,Northern.Plains
NORTH DAKOTA,38041,Northern.Plains
NORTH DAKOTA,38043,Northern.Plains
NORTH DAKOTA,38045,Northern.Plains
NORTH DAKOTA,38047,Northern.Plains
NORTH DAKOTA,38049,Northern.Plains
NORTH DAKOTA,38051,Northern.Plains
NORTH DAKOTA,38053,Northern.Plains
NORTH DAKOTA,38055,Northern.Plains
NORTH DAKOTA,38057,Northern.Plains
NORTH DAKOTA,38059,Northern.Plains
NORTH DAKOTA,38061,Northern.Plains
NORTH DAKOTA,38063,Northern.Plains
NORTH DAKOTA,38065,Northern.Plains
NORTH DAKOTA,38067,Northern.Plains
NORTH DAKOTA,38069,Northern.Plains
NORTH DAKOTA,38071,Northern.Plains
NORTH DAKOTA,38073,Northern.Plains
NORTH DAKOTA,38075,Northern.Plains
NORTH DAKOTA,38077,Northern.Plains
NORTH DAKOTA,38079,Northern.Plains
NORTH DAKOTA,38081,Northern.Plains
NORTH DAKOTA,38083,Northern.Plains
NORTH DAKOTA,38085,Northern.Plains
NORTH DAKOTA,38087,Northern.Plains
NORTH DAKOTA,38089,Northern.Plains
NORTH DAKOTA,38091,Northern.Plains
NORTH DAKOTA,38093,Northern.Plains
NORTH DAKOTA,38095,Northern.Plains
NORTH DAKOTA,38097,Northern.Plains
NORTH DAKOTA,38099,Northern.Plains
NORTH DAKOTA,38101,Northern.Plains
NORTH DAKOTA,38103,Northern.Plains
NORTH DAKOTA,38105,Northern.Plains
OHIO,39001,Great.Lakes
OHIO,39003,Great.Lakes
OHIO,39005,Great.Lakes
OHIO,39007,Great.Lakes
OHIO,39009,Great.Lakes
OHIO,39011,Great.Lakes
OHIO,39013,Great.Lakes
OHIO,39015,Great.Lakes
OHIO,39017,Great.Lakes
OHIO,39019,Great.Lakes
OHIO,39021,Great.Lakes
OHIO,39023,Great.Lakes
OHIO,39025,Great.Lakes
OHIO,39027,Great.Lakes
OHIO,39029,Great.Lakes
OHIO,39031,Great.Lakes
OHIO,39033,Great.Lakes
OHIO,39035,Great.Lakes
OHIO,39037,Great.Lakes
OHIO,39039,Great.Lakes
OHIO,39041,Great.Lakes
OHIO,39043,Great.Lakes
OHIO,39045,Great.Lakes
OHIO,39047,Great.Lakes
OHIO,39049,Great.Lakes
OHIO,39051,Great.Lakes
OHIO,39053,Great.Lakes
OHIO,39055,Great.Lakes
OHIO,39057,Great.Lakes
OHIO,39059,Great.Lakes
OHIO,39061,Great.Lakes
OHIO,39063,Great.Lakes
OHIO,39065,Great.Lakes
OHIO,39067,Great.Lakes
OHIO,39069,Great.Lakes
OHIO,39071,Great.Lakes
OHIO,39073,Great.Lakes
OHIO,39075,Great.Lakes
OHIO,39077,Great.Lakes
OHIO,39079,Great.Lakes
OHIO,39081,Great.Lakes
OHIO,39083,Great.Lakes
OHIO,39085,Great.Lakes
OHIO,39087,Great.Lakes
OHIO,39089,Great.Lakes
OHIO,39091,Great.Lakes
OHIO,39093,Great.Lakes
OHIO,39095,Great.Lakes
OHIO,39097,Great.Lakes
OHIO,39099,Great.Lakes
OHIO,39101,Great.Lakes
OHIO,39103,Great.Lakes
OHIO,39105,Great.Lakes
OHIO,39107,Great.Lakes
OHIO,39109,Great.Lakes
OHIO,39111,Great.Lakes
OHIO,39113,Great.Lakes
OHIO,39115,Great.Lakes
OHIO,39117,Great.Lakes
OHIO,39119,Great.Lakes
OHIO,39121,Great.Lakes
OHIO,39123,Great.Lakes
OHIO,39125,Great.Lakes
OHIO,39127,Great.Lakes
OHIO,39129,Great.Lakes
OHIO,39131,Great.Lakes
OHIO,39133,Great.Lakes
OHIO,39135,Great.Lakes
OHIO,39137,Great.Lakes
OHIO,39139,Great.Lakes
OHIO,39141,Great.Lakes
OHIO,39143,Great.Lakes
OHIO,39145,Great.Lakes
OHIO,39147,Great.Lakes
OHIO,39149,Great.Lakes
OHIO,39151,Great.Lakes
OHIO,39153,Great.Lakes
OHIO,39155,Great.Lakes
OHIO,39157,Great.Lakes
OHIO,39159,Great.Lakes
OHIO,39161,Great.Lakes
OHIO,39163,Great.Lakes
OHIO,39165,Great.Lakes
OHIO,39167,Great.Lakes
OHIO,39169,Great.Lakes
OHIO,39171,Great.Lakes
OHIO,39173,Great.Lakes
OHIO,39175,Great.Lakes
OKLAHOMA,40001,Southwest
OKLAHOMA,40003,Southwest
OKLAHOMA,40005,Southwest
OKLAHOMA,40007,Southwest
OKLAHOMA,40009,Southwest
OKLAHOMA,40011,Southwest
OKLAHOMA,40013,Southwest
OKLAHOMA,40015,Southwest
OKLAHOMA,40017,Southwest
OKLAHOMA,40019,Southwest
OKLAHOMA,40021,Southwest
OKLAHOMA,40023,Southwest
OKLAHOMA,40025,Southwest
OKLAHOMA,40027,Southwest
OKLAHOMA,40029,Southwest
OKLAHOMA,40031,Southwest
OKLAHOMA,40033,Southwest
OKLAHOMA,40035,Southwest
OKLAHOMA,40037,Southwest
OKLAHOMA,40039,Southwest
OKLAHOMA,40041,Southwest
OKLAHOMA,40043,Southwest
OKLAHOMA,40045,Southwest
OKLAHOMA,40047,Southwest
OKLAHOMA,40049,Southwest
OKLAHOMA,40051,Southwest
OKLAHOMA,40053,Southwest
OKLAHOMA,40055,Southwest
OKLAHOMA,40057,Southwest
OKLAHOMA,40059,Southwest
OKLAHOMA,40061,Southwest
OKLAHOMA,40063,Southwest
OKLAHOMA,40065,Southwest
OKLAHOMA,40067,Southwest
OKLAHOMA,40069,Southwest
OKLAHOMA,40071,Southwest
OKLAHOMA,40073,Southwest
OKLAHOMA,40075,Southwest
OKLAHOMA,40077,Southwest
OKLAHOMA,40079,Southwest
OKLAHOMA,40081,Southwest
OKLAHOMA,40083,Southwest
OKLAHOMA,40085,Southwest
OKLAHOMA,40087,Southwest
OKLAHOMA,40089,Southwest
OKLAHOMA,40091,Southwest
OKLAHOMA,40093,Southwest
OKLAHOMA,40095,Southwest
OKLAHOMA,40097,Southwest
OKLAHOMA,40099,Southwest
OKLAHOMA,40101,Southwest
OKLAHOMA,40103,Southwest
OKLAHOMA,40105,Southwest
OKLAHOMA,40107,Southwest
OKLAHOMA,40109,Southwest
OKLAHOMA,40111,Southwest
OKLAHOMA,40113,Southwest
OKLAHOMA,40115,Southwest
OKLAHOMA,40117,Southwest
OKLAHOMA,40119,Southwest
OKLAHOMA,40121,Southwest
OKLAHOMA,40123,Southwest
OKLAHOMA,40125,Southwest
OKLAHOMA,40127,Southwest
OKLAHOMA,40129,Southwest
OKLAHOMA,40131,Southwest
OKLAHOMA,40133,Southwest
OKLAHOMA,40135,Southwest
OKLAHOMA,40137,Southwest
OKLAHOMA,40139,Southwest
OKLAHOMA,40141,Southwest
OKLAHOMA,40143,Southwest
OKLAHOMA,40145,Southwest
OKLAHOMA,40147,Southwest
OKLAHOMA,40149,Southwest
OKLAHOMA,40151,Southwest
OKLAHOMA,40153,Southwest
OREGON,41001,Pacific.Northwest
OREGON,41003,Pacific.Northwest
OREGON,41005,Pacific.Northwest
OREGON,41007,Pacific.Northwest
OREGON,41009,Pacific.Northwest
OREGON,41011,Pacific.Northwest
OREGON,41013,Pacific.Northwest
OREGON,41015,Pacific.Northwest
OREGON,41017,Pacific.Northwest
OREGON,41019,Pacific.Northwest
OREGON,41021,Pacific.Northwest
OREGON,41023,Pacific.Northwest
OREGON,41025,Pacific.Northwest
OREGON,41027,Pacific.Northwest
OREGON,41029,Pacific.Northwest
OREGON,41031,Pacific.Northwest
OREGON,41033,Pacific.Northwest
OREGON,41035,Pacific.Northwest
OREGON,41037,Pacific.Northwest
OREGON,41039,Pacific.Northwest
OREGON,41041,Pacific.Northwest
OREGON,41043,Pacific.Northwest
OREGON,41045,Pacific.Northwest
OREGON,41047,Pacific.Northwest
OREGON,41049,Pacific.Northwest
OREGON,41051,Pacific.Northwest
OREGON,41053,Pacific.Northwest
OREGON,41055,Pacific.Northwest
OREGON,41057,Pacific.Northwest
OREGON,41059,Pacific.Northwest
OREGON,41061,Pacific.Northwest
OREGON,41063,Pacific.Northwest
OREGON,41065,Pacific.Northwest
OREGON,41067,Pacific.Northwest
OREGON,41069,Pacific.Northwest
OREGON,41071,Pacific.Northwest
PENNSYLVANIA,42001,Northeast
PENNSYLVANIA,42003,Northeast
PENNSYLVANIA,42005,Northeast
PENNSYLVANIA,42007,Northeast
PENNSYLVANIA,42009,Northeast
PENNSYLVANIA,42011,Northeast
PENNSYLVANIA,42013,Northeast
PENNSYLVANIA,42015,Northeast
PENNSYLVANIA,42017,Northeast
PENNSYLVANIA,42019,Northeast
PENNSYLVANIA,42021,Northeast
PENNSYLVANIA,42023,Northeast
PENNSYLVANIA,42025,Northeast
PENNSYLVANIA,42027,Northeast
PENNSYLVANIA,42029,Northeast
PENNSYLVANIA,42031,Northeast
PENNSYLVANIA,42033,Northeast
PENNSYLVANIA,42035,Northeast
PENNSYLVANIA,42037,Northeast
PENNSYLVANIA,42039,Northeast
PENNSYLVANIA,42041,Northeast
PENNSYLVANIA,42043,Northeast
PENNSYLVANIA,42045,Northeast
PENNSYLVANIA,42047,Northeast
PENNSYLVANIA,42049,Northeast
PENNSYLVANIA,42051,Northeast
PENNSYLVANIA,42053,Northeast
PENNSYLVANIA,42055,Northeast
PENNSYLVANIA,42057,Northeast
PENNSYLVANIA,42059,Northeast
PENNSYLVANIA,42061,Northeast
PENNSYLVANIA,42063,Northeast
PENNSYLVANIA,42065,Northeast
PENNSYLVANIA,42067,Northeast
PENNSYLVANIA,42069,Northeast
PENNSYLVANIA,42071,Northeast
PENNSYLVANIA,42073,Northeast
PENNSYLVANIA,42075,Northeast
PENNSYLVANIA,42077,Northeast
PENNSYLVANIA,42079,Northeast
PENNSYLVANIA,42081,Northeast
PENNSYLVANIA,42083,Northeast
PENNSYLVANIA,42085,Northeast
PENNSYLVANIA,42087,Northeast
PENNSYLVANIA,42089,Northeast
PENNSYLVANIA,42091,Northeast
PENNSYLVANIA,42093,Northeast
PENNSYLVANIA,42095,Northeast
PENNSYLVANIA,42097,Northeast
PENNSYLVANIA,42099,Northeast
PENNSYLVANIA,42101,Northeast
PENNSYLVANIA,42103,Northeast
PENNSYLVANIA,42105,Northeast
PENNSYLVANIA,42107,Northeast
PENNSYLVANIA,42109,Northeast
PENNSYLVANIA,42111,Northeast
PENNSYLVANIA,42113,Northeast
PENNSYLVANIA,42115,Northeast
PENNSYLVANIA,42117,Northeast
PENNSYLVANIA,42119,Northeast
PENNSYLVANIA,42121,Northeast
PENNSYLVANIA,42123,Northeast
PENNSYLVANIA,42125,Northeast
PENNSYLVANIA,42127,Northeast
PENNSYLVANIA,42129,Northeast
PENNSYLVANIA,42131,Northeast
PENNSYLVANIA,42133,Northeast
RHODE ISLAND,44001,New.England
RHODE ISLAND,44003,New.England
RHODE ISLAND,44005,New.England
RHODE ISLAND,44007,New.England
RHODE ISLAND,44009,New.England
SOUTH CAROLINA,45001,Mid-Atlantic
SOUTH CAROLINA,45003,Mid-Atlantic
SOUTH CAROLINA,45005,Mid-Atlantic
SOUTH CAROLINA,45007,Mid-Atlantic
SOUTH CAROLINA,45009,Mid-Atlantic
SOUTH CAROLINA,45011,Mid-Atlantic
SOUTH CAROLINA,45013,Mid-Atlantic
SOUTH CAROLINA,45015,Mid-Atlantic
SOUTH CAROLINA,45017,Mid-Atlantic
SOUTH CAROLINA,45019,Mid-Atlantic
SOUTH CAROLINA,45021,Mid-Atlantic
SOUTH CAROLINA,45023,Mid-Atlantic
SOUTH CAROLINA,45025,Mid-Atlantic
SOUTH CAROLINA,45027,Mid-Atlantic
SOUTH CAROLINA,45029,Mid-Atlantic
SOUTH CAROLINA,45031,Mid-Atlantic
SOUTH CAROLINA,45033,Mid-Atlantic
SOUTH CAROLINA,45035,Mid-Atlantic
SOUTH CAROLINA,45037,Mid-Atlantic
SOUTH CAROLINA,45039,Mid-Atlantic
SOUTH CAROLINA,45041,Mid-Atlantic
SOUTH CAROLINA,45043,Mid-Atlantic
SOUTH CAROLINA,45045,Mid-Atlantic
SOUTH CAROLINA,45047,Mid-Atlantic
SOUTH CAROLINA,45049,Mid-Atlantic
SOUTH CAROLINA,45051,Mid-Atlantic
SOUTH CAROLINA,45053,Mid-Atlantic
SOUTH CAROLINA,45055,Mid-Atlantic
SOUTH CAROLINA,45057,Mid-Atlantic
SOUTH CAROLINA,45059,Mid-Atlantic
SOUTH CAROLINA,45061,Mid-Atlantic
SOUTH CAROLINA,45063,Mid-Atlantic
SOUTH CAROLINA,45065,Mid-Atlantic
SOUTH CAROLINA,45067,Mid-Atlantic
SOUTH CAROLINA,45069,Mid-Atlantic
SOUTH CAROLINA,45071,Mid-Atlantic
SOUTH CAROLINA,45073,Mid-Atlantic
SOUTH CAROLINA,45075,Mid-Atlantic
SOUTH CAROLINA,45077,Mid-Atlantic
SOUTH CAROLINA,45079,Mid-Atlantic
SOUTH CAROLINA,45081,Mid-Atlantic
SOUTH CAROLINA,45083,Mid-Atlantic
SOUTH CAROLINA,45085,Mid-Atlantic
SOUTH CAROLINA,45087,Mid-Atlantic
SOUTH CAROLINA,45089,Mid-Atlantic
SOUTH CAROLINA,45091,Mid-Atlantic
SOUTH DAKOTA,46003,Northern.Plains
SOUTH DAKOTA,46005,Northern.Plains
SOUTH DAKOTA,46007,Northern.Plains
SOUTH DAKOTA,46009,Northern.Plains
SOUTH DAKOTA,46011,Northern.Plains
SOUTH DAKOTA,46013,Northern.Plains
SOUTH DAKOTA,46015,Northern.Plains
SOUTH DAKOTA,46017,Northern.Plains
SOUTH DAKOTA,46019,Northern.Plains
SOUTH DAKOTA,46021,Northern.Plains
SOUTH DAKOTA,46023,Northern.Plains
SOUTH DAKOTA,46025,Northern.Plains
SOUTH DAKOTA,46027,Northern.Plains
SOUTH DAKOTA,46029,Northern.Plains
SOUTH DAKOTA,46031,Northern.Plains
SOUTH DAKOTA,46033,Northern.Plains
SOUTH DAKOTA,46035,Northern.Plains
SOUTH DAKOTA,46037,Northern.Plains
SOUTH DAKOTA,46039,Northern.Plains
SOUTH DAKOTA,46041,Northern.Plains
SOUTH DAKOTA,46043,Northern.Plains
SOUTH DAKOTA,46045,Northern.Plains
SOUTH DAKOTA,46047,Northern.Plains
SOUTH DAKOTA,46049,Northern.Plains
SOUTH DAKOTA,46051,Northern.Plains
SOUTH DAKOTA,46053,Northern.Plains
SOUTH DAKOTA,46055,Northern.Plains
SOUTH DAKOTA,46057,Northern.Plains
SOUTH DAKOTA,46059,Northern.Plains
SOUTH DAKOTA,46061,Northern.Plains
SOUTH DAKOTA,46063,Northern.Plains
SOUTH DAKOTA,46065,Northern.Plains
SOUTH DAKOTA,46067,Northern.Plains
SOUTH DAKOTA,46069,Northern.Plains
SOUTH DAKOTA,46071,Northern.Plains
SOUTH DAKOTA,46073,Northern.Plains
SOUTH DAKOTA,46075,Northern.Plains
SOUTH DAKOTA,46077,Northern.Plains
SOUTH DAKOTA,46079,Northern.Plains
SOUTH DAKOTA,46081,Northern.Plains
SOUTH DAKOTA,46083,Northern.Plains
SOUTH DAKOTA,46085,Northern.Plains
SOUTH DAKOTA,46087,Northern.Plains
SOUTH DAKOTA,46089,Northern.Plains
SOUTH DAKOTA,46091,Northern.Plains
SOUTH DAKOTA,46093,Northern.Plains
SOUTH DAKOTA,46095,Northern.Plains
SOUTH DAKOTA,46097,Northern.Plains
SOUTH DAKOTA,46099,Northern.Plains
SOUTH DAKOTA,46101,Northern.Plains
SOUTH DAKOTA,46103,Northern.Plains
SOUTH DAKOTA,46105,Northern.Plains
SOUTH DAKOTA,46107,Northern.Plains
SOUTH DAKOTA,46109,Northern.Plains
SOUTH DAKOTA,46111,Northern.Plains
SOUTH DAKOTA,46113,Northern.Plains
SOUTH DAKOTA,46115,Northern.Plains
SOUTH DAKOTA,46117,Northern.Plains
SOUTH DAKOTA,46119,Northern.Plains
SOUTH DAKOTA,46121,Northern.Plains
SOUTH DAKOTA,46123,Northern.Plains
SOUTH DAKOTA,46125,Northern.Plains
SOUTH DAKOTA,46127,Northern.Plains
SOUTH DAKOTA,46129,Northern.Plains
SOUTH DAKOTA,46135,Northern.Plains
SOUTH DAKOTA,46137,Northern.Plains
TENNESSEE,47001,Mid-Atlantic
TENNESSEE,47003,Mid-Atlantic
TENNESSEE,47005,Mid-Atlantic
TENNESSEE,47007,Mid-Atlantic
TENNESSEE,47009,Mid-Atlantic
TENNESSEE,47011,Mid-Atlantic
TENNESSEE,47013,Mid-Atlantic
TENNESSEE,47015,Mid-Atlantic
TENNESSEE,47017,Mid-Atlantic
TENNESSEE,47019,Mid-Atlantic
TENNESSEE,47021,Mid-Atlantic
TENNESSEE,47023,Mid-Atlantic
TENNESSEE,47025,Mid-Atlantic
TENNESSEE,47027,Mid-Atlantic
TENNESSEE,47029,Mid-Atlantic
TENNESSEE,47031,Mid-Atlantic
TENNESSEE,47033,Mid-Atlantic
TENNESSEE,47035,Mid-Atlantic
TENNESSEE,47037,Mid-Atlantic
TENNESSEE,47039,Mid-Atlantic
TENNESSEE,47041,Mid-Atlantic
TENNESSEE,47043,Mid-Atlantic
TENNESSEE,47045,Mid-Atlantic
TENNESSEE,47047,Mid-Atlantic
TENNESSEE,47049,Mid-Atlantic
TENNESSEE,47051,Mid-Atlantic
TENNESSEE,47053,Mid-Atlantic
TENNESSEE,47055,Mid-Atlantic
TENNESSEE,47057,Mid-Atlantic
TENNESSEE,47059,Mid-Atlantic
TENNESSEE,47061,Mid-Atlantic
TENNESSEE,47063,Mid-Atlantic
TENNESSEE,47065,Mid-Atlantic
TENNESSEE,47067,Mid-Atlantic
TENNESSEE,47069,Mid-Atlantic
TENNESSEE,47071,Mid-Atlantic
TENNESSEE,47073,Mid-Atlantic
TENNESSEE,47075,Mid-Atlantic
TENNESSEE,47077,Mid-Atlantic
TENNESSEE,47079,Mid-Atlantic
TENNESSEE,47081,Mid-Atlantic
TENNESSEE,47083,Mid-Atlantic
TENNESSEE,47085,Mid-Atlantic
TENNESSEE,47087,Mid-Atlantic
TENNESSEE,47089,Mid-Atlantic
TENNESSEE,47091,Mid-Atlantic
TENNESSEE,47093,Mid-Atlantic
TENNESSEE,47095,Mid-Atlantic
TENNESSEE,47097,Mid-Atlantic
TENNESSEE,47099,Mid-Atlantic
TENNESSEE,47101,Mid-Atlantic
TENNESSEE,47103,Mid-Atlantic
TENNESSEE,47105,Mid-Atlantic
TENNESSEE,47107,Mid-Atlantic
TENNESSEE,47109,Mid-Atlantic
TENNESSEE,47111,Mid-Atlantic
TENNESSEE,47113,Mid-Atlantic
TENNESSEE,47115,Mid-Atlantic
TENNESSEE,47117,Mid-Atlantic
TENNESSEE,47119,Mid-Atlantic
TENNESSEE,47121,Mid-Atlantic
TENNESSEE,47123,Mid-Atlantic
TENNESSEE,47125,Mid-Atlantic
TENNESSEE,47127,Mid-Atlantic
TENNESSEE,47129,Mid-Atlantic
TENNESSEE,47131,Mid-Atlantic
TENNESSEE,47133,Mid-Atlantic
TENNESSEE,47135,Mid-Atlantic
TENNESSEE,47137,Mid-Atlantic
TENNESSEE,47139,Mid-Atlantic
TENNESSEE,47141,Mid-Atlantic
TENNESSEE,47143,Mid-Atlantic
TENNESSEE,47145,Mid-Atlantic
TENNESSEE,47147,Mid-Atlantic
TENNESSEE,47149,Mid-Atlantic
TENNESSEE,47151,Mid-Atlantic
TENNESSEE,47153,Mid-Atlantic
TENNESSEE,47155,Mid-Atlantic
TENNESSEE,47157,Mid-Atlantic
TENNESSEE,47159,Mid-Atlantic
TENNESSEE,47161,Mid-Atlantic
TENNESSEE,47163,Mid-Atlantic
TENNESSEE,47165,Mid-Atlantic
TENNESSEE,47167,Mid-Atlantic
TENNESSEE,47169,Mid-Atlantic
TENNESSEE,47171,Mid-Atlantic
TENNESSEE,47173,Mid-Atlantic
TENNESSEE,47175,Mid-Atlantic
TENNESSEE,47177,Mid-Atlantic
TENNESSEE,47179,Mid-Atlantic
TENNESSEE,47181,Mid-Atlantic
TENNESSEE,47183,Mid-Atlantic
TENNESSEE,47185,Mid-Atlantic
TENNESSEE,47187,Mid-Atlantic
TENNESSEE,47189,Mid-Atlantic
TEXAS,48001,Southwest
TEXAS,48003,Southwest
TEXAS,48005,Southwest
TEXAS,48007,Southwest
TEXAS,48009,Southwest
TEXAS,48011,Southwest
TEXAS,48013,Southwest
TEXAS,48015,Southwest
TEXAS,48017,Southwest
TEXAS,48019,Southwest
TEXAS,48021,Southwest
TEXAS,48023,Southwest
TEXAS,48025,Southwest
TEXAS,48027,Southwest
TEXAS,48029,Southwest
TEXAS,48031,Southwest
TEXAS,48033,Southwest
TEXAS,48035,Southwest
TEXAS,48037,Southwest
TEXAS,48039,Southwest
TEXAS,48041,Southwest
TEXAS,48043,Southwest
TEXAS,48045,Southwest
TEXAS,48047,Southwest
TEXAS,48049,Southwest
TEXAS,48051,Southwest
TEXAS,48053,Southwest
TEXAS,48055,Southwest
TEXAS,48057,Southwest
TEXAS,48059,Southwest
TEXAS,48061,Southwest
TEXAS,48063,Southwest
TEXAS,48065,Southwest
TEXAS,48067,Southwest
TEXAS,48069,Southwest
TEXAS,48071,Southwest
TEXAS,48073,Southwest
TEXAS,48075,Southwest
TEXAS,48077,Southwest
TEXAS,48079,Southwest
TEXAS,48081,Southwest
TEXAS,48083,Southwest
TEXAS,48085,Southwest
TEXAS,48087,Southwest
TEXAS,48089,Southwest
TEXAS,48091,Southwest
TEXAS,48093,Southwest
TEXAS,48095,Southwest
TEXAS,48097,Southwest
TEXAS,48099,Southwest
TEXAS,48101,Southwest
TEXAS,48103,Southwest
TEXAS,48105,Southwest
TEXAS,48107,Southwest
TEXAS,48109,Southwest
TEXAS,48111,Southwest
TEXAS,48113,Southwest
TEXAS,48115,Southwest
TEXAS,48117,Southwest
TEXAS,48119,Southwest
TEXAS,48121,Southwest
TEXAS,48123,Southwest
TEXAS,48125,Southwest
TEXAS,48127,Southwest
TEXAS,48129,Southwest
TEXAS,48131,Southwest
TEXAS,48133,Southwest
TEXAS,48135,Southwest
TEXAS,48137,Southwest
TEXAS,48139,Southwest
TEXAS,48141,Southwest
TEXAS,48143,Southwest
TEXAS,48145,Southwest
TEXAS,48147,Southwest
TEXAS,48149,Southwest
TEXAS,48151,Southwest
TEXAS,48153,Southwest
TEXAS,48155,Southwest
TEXAS,48157,Southwest
TEXAS,48159,Southwest
TEXAS,48161,Southwest
TEXAS,48163,Southwest
TEXAS,48165,Southwest
TEXAS,48167,Southwest
TEXAS,48169,Southwest
TEXAS,48171,Southwest
TEXAS,48173,Southwest
TEXAS,48175,Southwest
TEXAS,48177,Southwest
TEXAS,48179,Southwest
TEXAS,48181,Southwest
TEXAS,48183,Southwest
TEXAS,48185,Southwest
TEXAS,48187,Southwest
TEXAS,48189,Southwest
TEXAS,48191,Southwest
TEXAS,48193,Southwest
TEXAS,48195,Southwest
TEXAS,48197,Southwest
TEXAS,48199,Southwest
TEXAS,48201,Southwest
TEXAS,48203,Southwest
TEXAS,48205,Southwest
TEXAS,48207,Southwest
TEXAS,48209,Southwest
TEXAS,48211,Southwest
TEXAS,48213,Southwest
TEXAS,48215,Southwest
TEXAS,48217,Southwest
TEXAS,48219,Southwest
TEXAS,48221,Southwest
TEXAS,48223,Southwest
TEXAS,48225,Southwest
TEXAS,48227,Southwest
TEXAS,48229,Southwest
TEXAS,48231,Southwest
TEXAS,48233,Southwest
TEXAS,48235,Southwest
TEXAS,48237,Southwest
TEXAS,48239,Southwest
TEXAS,48241,Southwest
TEXAS,48243,Southwest
TEXAS,48245,Southwest
TEXAS,48247,Southwest
TEXAS,48249,Southwest
TEXAS,48251,Southwest
TEXAS,48253,Southwest
TEXAS,48255,Southwest
TEXAS,48257,Southwest
TEXAS,48259,Southwest
TEXAS,48261,Southwest
TEXAS,48263,Southwest
TEXAS,48265,Southwest
TEXAS,48267,Southwest
TEXAS,48269,Southwest
TEXAS,48271,Southwest
TEXAS,48273,Southwest
TEXAS,48275,Southwest
TEXAS,48277,Southwest
TEXAS,48279,Southwest
TEXAS,48281,Southwest
TEXAS,48283,Southwest
TEXAS,48285,Southwest
TEXAS,48287,Southwest
TEXAS,48289,Southwest
TEXAS,48291,Southwest
TEXAS,48293,Southwest
TEXAS,48295,Southwest
TEXAS,48297,Southwest
TEXAS,48299,Southwest
TEXAS,48301,Southwest
TEXAS,48303,Southwest
TEXAS,48305,Southwest
TEXAS,48307,Southwest
TEXAS,48309,Southwest
TEXAS,48311,Southwest
TEXAS,48313,Southwest
TEXAS,48315,Southwest
TEXAS,48317,Southwest
TEXAS,48319,Southwest
TEXAS,48321,Southwest
TEXAS,48323,Southwest
TEXAS,48325,Southwest
TEXAS,48327,Southwest
TEXAS,48329,Southwest
TEXAS,48331,Southwest
TEXAS,48333,Southwest
TEXAS,48335,Southwest
TEXAS,48337,Southwest
TEXAS,48339,Southwest
TEXAS,48341,Southwest
TEXAS,48343,Southwest
TEXAS,48345,Southwest
TEXAS,48347,Southwest
TEXAS,48349,Southwest
TEXAS,48351,Southwest
TEXAS,48353,Southwest
TEXAS,48355,Southwest
TEXAS,48357,Southwest
TEXAS,48359,Southwest
TEXAS,48361,Southwest
TEXAS,48363,Southwest
TEXAS,48365,Southwest
TEXAS,48367,Southwest
TEXAS,48369,Southwest
TEXAS,48371,Southwest
TEXAS,48373,Southwest
TEXAS,48375,Southwest
TEXAS,48377,Southwest
TEXAS,48379,Southwest
TEXAS,48381,Southwest
TEXAS,48383,Southwest
TEXAS,48385,Southwest
TEXAS,48387,Southwest
TEXAS,48389,Southwest
TEXAS,48391,Southwest
TEXAS,48393,Southwest
TEXAS,48395,Southwest
TEXAS,48397,Southwest
TEXAS,48399,Southwest
TEXAS,48401,Southwest
TEXAS,48403,Southwest
TEXAS,48405,Southwest
TEXAS,48407,Southwest
TEXAS,48409,Southwest
TEXAS,48411,Southwest
TEXAS,48413,Southwest
TEXAS,48415,Southwest
TEXAS,48417,Southwest
TEXAS,48419,Southwest
TEXAS,48421,Southwest
TEXAS,48423,Southwest
TEXAS,48425,Southwest
TEXAS,48427,Southwest
TEXAS,48429,Southwest
TEXAS,48431,Southwest
TEXAS,48433,Southwest
TEXAS,48435,Southwest
TEXAS,48437,Southwest
TEXAS,48439,Southwest
TEXAS,48441,Southwest
TEXAS,48443,Southwest
TEXAS,48445,Southwest
TEXAS,48447,Southwest
TEXAS,48449,Southwest
TEXAS,48451,Southwest
TEXAS,48453,Southwest
TEXAS,48455,Southwest
TEXAS,48457,Southwest
TEXAS,48459,Southwest
TEXAS,48461,Southwest
TEXAS,48463,Southwest
TEXAS,48465,Southwest
TEXAS,48467,Southwest
TEXAS,48469,Southwest
TEXAS,48471,Southwest
TEXAS,48473,Southwest
TEXAS,48475,Southwest
TEXAS,48477,Southwest
TEXAS,48479,Southwest
TEXAS,48481,Southwest
TEXAS,48483,Southwest
TEXAS,48485,Southwest
TEXAS,48487,Southwest
TEXAS,48489,Southwest
TEXAS,48491,Southwest
TEXAS,48493,Southwest
TEXAS,48495,Southwest
TEXAS,48497,Southwest
TEXAS,48499,Southwest
TEXAS,48501,Southwest
TEXAS,48503,Southwest
TEXAS,48505,Southwest
TEXAS,48507,Southwest
UTAH,49001,Intermountain
UTAH,49003,Intermountain
UTAH,49005,Intermountain
UTAH,49007,Intermountain
UTAH,49009,Intermountain
UTAH,49011,Intermountain
UTAH,49013,Intermountain
UTAH,49015,Intermountain
UTAH,49017,Intermountain
UTAH,49019,Intermountain
UTAH,49021,Intermountain
UTAH,49023,Intermountain
UTAH,49025,Intermountain
UTAH,49027,Intermountain
UTAH,49029,Intermountain
UTAH,49031,Intermountain
UTAH,49033,Intermountain
UTAH,49035,Intermountain
UTAH,49037,Intermountain
UTAH,49039,Intermountain
UTAH,49041,Intermountain
UTAH,49043,Intermountain
UTAH,49045,Intermountain
UTAH,49047,Intermountain
UTAH,49049,Intermountain
UTAH,49051,Intermountain
UTAH,49053,Intermountain
UTAH,49055,Intermountain
UTAH,49057,Intermountain
VERMONT,50001,New.England
VERMONT,50003,New.England
VERMONT,50005,New.England
VERMONT,50007,New.England
VERMONT,50009,New.England
VERMONT,50011,New.England
VERMONT,50013,New.England
VERMONT,50015,New.England
VERMONT,50017,New.England
VERMONT,50019,New.England
VERMONT,50021,New.England
VERMONT,50023,New.England
VERMONT,50025,New.England
VERMONT,50027,New.England
VIRGINIA,51001,Mid-Atlantic
VIRGINIA,51003,Mid-Atlantic
VIRGINIA,51005,Mid-Atlantic
VIRGINIA,51007,Mid-Atlantic
VIRGINIA,51009,Mid-Atlantic
VIRGINIA,51011,Mid-Atlantic
VIRGINIA,51013,Mid-Atlantic
VIRGINIA,51015,Mid-Atlantic
VIRGINIA,51017,Mid-Atlantic
VIRGINIA,51019,Mid-Atlantic
VIRGINIA,51021,Mid-Atlantic
VIRGINIA,51023,Mid-Atlantic
VIRGINIA,51025,Mid-Atlantic
VIRGINIA,51027,Mid-Atlantic
VIRGINIA,51029,Mid-Atlantic
VIRGINIA,51031,Mid-Atlantic
VIRGINIA,51033,Mid-Atlantic
VIRGINIA,51035,Mid-Atlantic
VIRGINIA,51036,Mid-Atlantic
VIRGINIA,51037,Mid-Atlantic
VIRGINIA,51041,Mid-Atlantic
VIRGINIA,51043,Mid-Atlantic
VIRGINIA,51045,Mid-Atlantic
VIRGINIA,51047,Mid-Atlantic
VIRGINIA,51049,Mid-Atlantic
VIRGINIA,51051,Mid-Atlantic
VIRGINIA,51053,Mid-Atlantic
VIRGINIA,51057,Mid-Atlantic
VIRGINIA,51059,Mid-Atlantic
VIRGINIA,51061,Mid-Atlantic
VIRGINIA,51063,Mid-Atlantic
VIRGINIA,51065,Mid-Atlantic
VIRGINIA,51067,Mid-Atlantic
VIRGINIA,51069,Mid-Atlantic
VIRGINIA,51071,Mid-Atlantic
VIRGINIA,51073,Mid-Atlantic
VIRGINIA,51075,Mid-Atlantic
VIRGINIA,51077,Mid-Atlantic
VIRGINIA,51079,Mid-Atlantic
VIRGINIA,51081,Mid-Atlantic
VIRGINIA,51083,Mid-Atlantic
VIRGINIA,51085,Mid-Atlantic
VIRGINIA,51087,Mid-Atlantic
VIRGINIA,51089,Mid-Atlantic
VIRGINIA,51091,Mid-Atlantic
VIRGINIA,51093,Mid-Atlantic
VIRGINIA,51095,Mid-Atlantic
VIRGINIA,51097,Mid-Atlantic
VIRGINIA,51099,Mid-Atlantic
VIRGINIA,51101,Mid-Atlantic
VIRGINIA,51103,Mid-Atlantic
VIRGINIA,51105,Mid-Atlantic
VIRGINIA,51107,Mid-Atlantic
VIRGINIA,51109,Mid-Atlantic
VIRGINIA,51111,Mid-Atlantic
VIRGINIA,51113,Mid-Atlantic
VIRGINIA,51115,Mid-Atlantic
VIRGINIA,51117,Mid-Atlantic
VIRGINIA,51119,Mid-Atlantic
VIRGINIA,51121,Mid-Atlantic
VIRGINIA,51125,Mid-Atlantic
VIRGINIA,51127,Mid-Atlantic
VIRGINIA,51131,Mid-Atlantic
VIRGINIA,51133,Mid-Atlantic
VIRGINIA,51135,Mid-Atlantic
VIRGINIA,51137,Mid-Atlantic
VIRGINIA,51139,Mid-Atlantic
VIRGINIA,51141,Mid-Atlantic
VIRGINIA,51143,Mid-Atlantic
VIRGINIA,51145,Mid-Atlantic
VIRGINIA,51147,Mid-Atlantic
VIRGINIA,51149,Mid-Atlantic
VIRGINIA,51153,Mid-Atlantic
VIRGINIA,51155,Mid-Atlantic
VIRGINIA,51157,Mid-Atlantic
VIRGINIA,51159,Mid-Atlantic
VIRGINIA,51161,Mid-Atlantic
VIRGINIA,51163,Mid-Atlantic
VIRGINIA,51165,Mid-Atlantic
VIRGINIA,51167,Mid-Atlantic
VIRGINIA,51169,Mid-Atlantic
VIRGINIA,51171,Mid-Atlantic
VIRGINIA,51173,Mid-Atlantic
VIRGINIA,51175,Mid-Atlantic
VIRGINIA,51177,Mid-Atlantic
VIRGINIA,51179,Mid-Atlantic
VIRGINIA,51181,Mid-Atlantic
VIRGINIA,51183,Mid-Atlantic
VIRGINIA,51185,Mid-Atlantic
VIRGINIA,51187,Mid-Atlantic
VIRGINIA,51191,Mid-Atlantic
VIRGINIA,51193,Mid-Atlantic
VIRGINIA,51195,Mid-Atlantic
VIRGINIA,51197,Mid-Atlantic
VIRGINIA,51199,Mid-Atlantic
VIRGINIA,51510,Mid-Atlantic
VIRGINIA,51515,Mid-Atlantic
VIRGINIA,51520,Mid-Atlantic
VIRGINIA,51530,Mid-Atlantic
VIRGINIA,51540,Mid-Atlantic
VIRGINIA,51550,Mid-Atlantic
VIRGINIA,51570,Mid-Atlantic
VIRGINIA,51580,Mid-Atlantic
VIRGINIA,51590,Mid-Atlantic
VIRGINIA,51595,Mid-Atlantic
VIRGINIA,51600,Mid-Atlantic
VIRGINIA,51610,Mid-Atlantic
VIRGINIA,51620,Mid-Atlantic
VIRGINIA,51630,Mid-Atlantic
VIRGINIA,51640,Mid-Atlantic
VIRGINIA,51650,Mid-Atlantic
VIRGINIA,51660,Mid-Atlantic
VIRGINIA,51670,Mid-Atlantic
VIRGINIA,51678,Mid-Atlantic
VIRGINIA,51680,Mid-Atlantic
VIRGINIA,51683,Mid-Atlantic
VIRGINIA,51685,Mid-Atlantic
VIRGINIA,51690,Mid-Atlantic
VIRGINIA,51700,Mid-Atlantic
VIRGINIA,51710,Mid-Atlantic
VIRGINIA,51720,Mid-Atlantic
VIRGINIA,51730,Mid-Atlantic
VIRGINIA,51735,Mid-Atlantic
VIRGINIA,51740,Mid-Atlantic
VIRGINIA,51750,Mid-Atlantic
VIRGINIA,51760,Mid-Atlantic
VIRGINIA,51770,Mid-Atlantic
VIRGINIA,51775,Mid-Atlantic
VIRGINIA,51790,Mid-Atlantic
VIRGINIA,51800,Mid-Atlantic
VIRGINIA,51810,Mid-Atlantic
VIRGINIA,51820,Mid-Atlantic
VIRGINIA,51830,Mid-Atlantic
VIRGINIA,51840,Mid-Atlantic
WASHINGTON,53001,Pacific.Northwest
WASHINGTON,53003,Pacific.Northwest
WASHINGTON,53005,Pacific.Northwest
WASHINGTON,53007,Pacific.Northwest
WASHINGTON,53009,Pacific.Northwest
WASHINGTON,53011,Pacific.Northwest
WASHINGTON,53013,Pacific.Northwest
WASHINGTON,53015,Pacific.Northwest
WASHINGTON,53017,Pacific.Northwest
WASHINGTON,53019,Pacific.Northwest
WASHINGTON,53021,Pacific.Northwest
WASHINGTON,53023,Pacific.Northwest
WASHINGTON,53025,Pacific.Northwest
WASHINGTON,53027,Pacific.Northwest
WASHINGTON,53029,Pacific.Northwest
WASHINGTON,53031,Pacific.Northwest
WASHINGTON,53033,Pacific.Northwest
WASHINGTON,53035,Pacific.Northwest
WASHINGTON,53037,Pacific.Northwest
WASHINGTON,53039,Pacific.Northwest
WASHINGTON,53041,Pacific.Northwest
WASHINGTON,53043,Pacific.Northwest
WASHINGTON,53045,Pacific.Northwest
WASHINGTON,53047,Pacific.Northwest
WASHINGTON,53049,Pacific.Northwest
WASHINGTON,53051,Pacific.Northwest
WASHINGTON,53053,Pacific.Northwest
WASHINGTON,53055,Pacific.Northwest
WASHINGTON,53057,Pacific.Northwest
WASHINGTON,53059,Pacific.Northwest
WASHINGTON,53061,Pacific.Northwest
WASHINGTON,53063,Pacific.Northwest
WASHINGTON,53065,Pacific.Northwest
WASHINGTON,53067,Pacific.Northwest
WASHINGTON,53069,Pacific.Northwest
WASHINGTON,53071,Pacific.Northwest
WASHINGTON,53073,Pacific.Northwest
WASHINGTON,53075,Pacific.Northwest
WASHINGTON,53077,Pacific.Northwest
WEST VIRGINIA,54001,Mid-Atlantic
WEST VIRGINIA,54003,Mid-Atlantic
WEST VIRGINIA,54005,Mid-Atlantic
WEST VIRGINIA,54007,Mid-Atlantic
WEST VIRGINIA,54009,Mid-Atlantic
WEST VIRGINIA,54011,Mid-Atlantic
WEST VIRGINIA,54013,Mid-Atlantic
WEST VIRGINIA,54015,Mid-Atlantic
WEST VIRGINIA,54017,Mid-Atlantic
WEST VIRGINIA,54019,Mid-Atlantic
WEST VIRGINIA,54021,Mid-Atlantic
WEST VIRGINIA,54023,Mid-Atlantic
WEST VIRGINIA,54025,Mid-Atlantic
WEST VIRGINIA,54027,Mid-Atlantic
WEST VIRGINIA,54029,Mid-Atlantic
WEST VIRGINIA,54031,Mid-Atlantic
WEST VIRGINIA,54033,Mid-Atlantic
WEST VIRGINIA,54035,Mid-Atlantic
WEST VIRGINIA,54037,Mid-Atlantic
WEST VIRGINIA,54039,Mid-Atlantic
WEST VIRGINIA,54041,Mid-Atlantic
WEST VIRGINIA,54043,Mid-Atlantic
WEST VIRGINIA,54045,Mid-Atlantic
WEST VIRGINIA,54047,Mid-Atlantic
WEST VIRGINIA,54049,Mid-Atlantic
WEST VIRGINIA,54051,Mid-Atlantic
WEST VIRGINIA,54053,Mid-Atlantic
WEST VIRGINIA,54055,Mid-Atlantic
WEST VIRGINIA,54057,Mid-Atlantic
WEST VIRGINIA,54059,Mid-Atlantic
WEST VIRGINIA,54061,Mid-Atlantic
WEST VIRGINIA,54063,Mid-Atlantic
WEST VIRGINIA,54065,Mid-Atlantic
WEST VIRGINIA,54067,Mid-Atlantic
WEST VIRGINIA,54069,Mid-Atlantic
WEST VIRGINIA,54071,Mid-Atlantic
WEST VIRGINIA,54073,Mid-Atlantic
WEST VIRGINIA,54075,Mid-Atlantic
WEST VIRGINIA,54077,Mid-Atlantic
WEST VIRGINIA,54079,Mid-Atlantic
WEST VIRGINIA,54081,Mid-Atlantic
WEST VIRGINIA,54083,Mid-Atlantic
WEST VIRGINIA,54085,Mid-Atlantic
WEST VIRGINIA,54087,Mid-Atlantic
WEST VIRGINIA,54089,Mid-Atlantic
WEST VIRGINIA,54091,Mid-Atlantic
WEST VIRGINIA,54093,Mid-Atlantic
WEST VIRGINIA,54095,Mid-Atlantic
WEST VIRGINIA,54097,Mid-Atlantic
WEST VIRGINIA,54099,Mid-Atlantic
WEST VIRGINIA,54101,Mid-Atlantic
WEST VIRGINIA,54103,Mid-Atlantic
WEST VIRGINIA,54105,Mid-Atlantic
WEST VIRGINIA,54107,Mid-Atlantic
WEST VIRGINIA,54109,Mid-Atlantic
WISCONSIN,55001,Upper.Midwest
WISCONSIN,55003,Upper.Midwest
WISCONSIN,55005,Upper.Midwest
WISCONSIN,55007,Upper.Midwest
WISCONSIN,55009,Upper.Midwest
WISCONSIN,55011,Upper.Midwest
WISCONSIN,55013,Upper.Midwest
WISCONSIN,55015,Upper.Midwest
WISCONSIN,55017,Upper.Midwest
WISCONSIN,55019,Upper.Midwest
WISCONSIN,55021,Upper.Midwest
WISCONSIN,55023,Upper.Midwest
WISCONSIN,55025,Upper.Midwest
WISCONSIN,55027,Upper.Midwest
WISCONSIN,55029,Upper.Midwest
WISCONSIN,55031,Upper.Midwest
WISCONSIN,55033,Upper.Midwest
WISCONSIN,55035,Upper.Midwest
WISCONSIN,55037,Upper.Midwest
WISCONSIN,55039,Upper.Midwest
WISCONSIN,55041,Upper.Midwest
WISCONSIN,55043,Upper.Midwest
WISCONSIN,55045,Upper.Midwest
WISCONSIN,55047,Upper.Midwest
WISCONSIN,55049,Upper.Midwest
WISCONSIN,55051,Upper.Midwest
WISCONSIN,55053,Upper.Midwest
WISCONSIN,55055,Upper.Midwest
WISCONSIN,55057,Upper.Midwest
WISCONSIN,55059,Upper.Midwest
WISCONSIN,55061,Upper.Midwest
WISCONSIN,55063,Upper.Midwest
WISCONSIN,55065,Upper.Midwest
WISCONSIN,55067,Upper.Midwest
WISCONSIN,55069,Upper.Midwest
WISCONSIN,55071,Upper.Midwest
WISCONSIN,55073,Upper.Midwest
WISCONSIN,55075,Upper.Midwest
WISCONSIN,55077,Upper.Midwest
WISCONSIN,55078,Upper.Midwest
WISCONSIN,55079,Upper.Midwest
WISCONSIN,55081,Upper.Midwest
WISCONSIN,55083,Upper.Midwest
WISCONSIN,55085,Upper.Midwest
WISCONSIN,55087,Upper.Midwest
WISCONSIN,55089,Upper.Midwest
WISCONSIN,55091,Upper.Midwest
WISCONSIN,55093,Upper.Midwest
WISCONSIN,55095,Upper.Midwest
WISCONSIN,55097,Upper.Midwest
WISCONSIN,55099,Upper.Midwest
WISCONSIN,55101,Upper.Midwest
WISCONSIN,55103,Upper.Midwest
WISCONSIN,55105,Upper.Midwest
WISCONSIN,55107,Upper.Midwest
WISCONSIN,55109,Upper.Midwest
WISCONSIN,55111,Upper.Midwest
WISCONSIN,55113,Upper.Midwest
WISCONSIN,55115,Upper.Midwest
WISCONSIN,55117,Upper.Midwest
WISCONSIN,55119,Upper.Midwest
WISCONSIN,55121,Upper.Midwest
WISCONSIN,55123,Upper.Midwest
WISCONSIN,55125,Upper.Midwest
WISCONSIN,55127,Upper.Midwest
WISCONSIN,55129,Upper.Midwest
WISCONSIN,55131,Upper.Midwest
WISCONSIN,55133,Upper.Midwest
WISCONSIN,55135,Upper.Midwest
WISCONSIN,55137,Upper.Midwest
WISCONSIN,55139,Upper.Midwest
WISCONSIN,55141,Upper.Midwest
WYOMING,56001,Intermountain
WYOMING,56003,Intermountain
WYOMING,56005,Intermountain
WYOMING,56007,Intermountain
WYOMING,56009,Intermountain
WYOMING,56011,Intermountain
WYOMING,56013,Intermountain
WYOMING,56015,Intermountain
WYOMING,56017,Intermountain
WYOMING,56019,Intermountain
WYOMING,56021,Intermountain
WYOMING,56023,Intermountain
WYOMING,56025,Intermountain
WYOMING,56027,Intermountain
WYOMING,56029,Intermountain
WYOMING,56031,Intermountain
WYOMING,56033,Intermountain
WYOMING,56035,Intermountain
WYOMING,56037,Intermountain
WYOMING,56039,Intermountain
WYOMING,56041,Intermountain
WYOMING,56043,Intermountain
WYOMING,56045,Intermountain
